patient_id,clinic_day,weekday,clinic_site,appointment_time,appointment_minute,time_block,no_show,actual_arrival_time,actual_arrival_minute,arrival_delay_minutes,priority,age_band,visit_type,service_type,complexity,skill_required,registration_minutes,consultation_minutes
P00001,2026-05-04,Monday,Clinic A,08:00,480,08:00-10:00,0,07:45,465,-15,Routine,Adult,New,General Review,Low,General,6.0,13.4
P00002,2026-05-04,Monday,Clinic A,08:08,488,08:00-10:00,0,07:59,479,-9,Routine,Adult,Follow-up,Complex Care Review,Medium,Complex,5.1,48.0
P00003,2026-05-04,Monday,Clinic A,08:16,496,08:00-10:00,0,08:15,495,-1,Routine,Adult,Follow-up,Physiotherapy Review,Low,Rehab,7.8,30.8
P00004,2026-05-04,Monday,Clinic A,08:24,504,08:00-10:00,0,08:17,497,-7,Routine,Adult,Follow-up,Complex Care Review,Low,Complex,5.8,40.3
P00005,2026-05-04,Monday,Clinic B,08:32,512,08:00-10:00,0,08:36,516,4,Routine,Adult,Follow-up,Post-op Follow-up,Low,General,5.3,16.0
P00006,2026-05-04,Monday,Clinic A,08:40,520,08:00-10:00,0,08:35,515,-5,Urgent,Senior,Follow-up,Complex Care Review,Low,Complex,6.9,37.8
P00007,2026-05-04,Monday,Clinic B,08:48,528,08:00-10:00,0,08:38,518,-10,Routine,Senior,Follow-up,Post-op Follow-up,High,General,6.7,26.7
P00008,2026-05-04,Monday,Clinic A,08:56,536,08:00-10:00,0,08:37,517,-19,Routine,Senior,Follow-up,General Review,High,General,5.7,19.5
P00009,2026-05-04,Monday,Clinic B,09:04,544,08:00-10:00,0,09:19,559,15,Routine,Adult,Follow-up,Physiotherapy Review,Low,Rehab,5.3,23.5
P00010,2026-05-04,Monday,Clinic A,09:12,552,08:00-10:00,0,09:01,541,-11,Urgent,Adult,Follow-up,General Review,Medium,General,5.6,16.3
P00011,2026-05-04,Monday,Clinic A,09:20,560,08:00-10:00,1,,,,Routine,Senior,New,Post-op Follow-up,High,General,,
P00012,2026-05-04,Monday,Clinic A,09:28,568,08:00-10:00,0,09:16,556,-12,Routine,Senior,Follow-up,Complex Care Review,Low,Complex,5.2,33.7
P00013,2026-05-04,Monday,Clinic A,09:36,576,08:00-10:00,0,09:32,572,-4,Routine,Adult,Follow-up,Complex Care Review,Low,Complex,4.5,33.9
P00014,2026-05-04,Monday,Clinic B,09:44,584,08:00-10:00,0,09:34,574,-10,Routine,Adult,New,Complex Care Review,High,Complex,7.0,56.6
P00015,2026-05-04,Monday,Clinic A,09:52,592,08:00-10:00,0,10:02,602,10,Routine,Adult,Follow-up,General Review,Low,General,6.7,13.8
P00016,2026-05-04,Monday,Clinic A,10:00,600,10:00-12:00,0,10:03,603,3,Routine,Adult,Follow-up,Post-op Follow-up,Low,General,5.7,21.1
P00017,2026-05-04,Monday,Clinic A,10:08,608,10:00-12:00,1,,,,Routine,Adult,Follow-up,Post-op Follow-up,High,General,,
P00018,2026-05-04,Monday,Clinic B,10:16,616,10:00-12:00,0,10:12,612,-4,Routine,Adult,Follow-up,General Review,High,General,5.3,18.0
P00019,2026-05-04,Monday,Clinic B,10:24,624,10:00-12:00,0,10:21,621,-3,Routine,Adult,Follow-up,General Review,Medium,General,3.9,15.9
P00020,2026-05-04,Monday,Clinic A,10:32,632,10:00-12:00,0,10:38,638,6,Urgent,Senior,Follow-up,General Review,High,General,10.0,23.0
P00021,2026-05-04,Monday,Clinic A,10:40,640,10:00-12:00,0,10:36,636,-4,Routine,Adult,Follow-up,Complex Care Review,Low,Complex,5.9,37.1
P00022,2026-05-04,Monday,Clinic A,10:48,648,10:00-12:00,0,10:38,638,-10,Urgent,Adult,Follow-up,Post-op Follow-up,Medium,General,4.9,24.7
P00023,2026-05-04,Monday,Clinic A,10:56,656,10:00-12:00,0,10:38,638,-18,Urgent,Adult,Follow-up,General Review,High,General,5.0,20.4
P00024,2026-05-04,Monday,Clinic B,11:04,664,10:00-12:00,0,10:53,653,-11,Routine,Senior,Follow-up,General Review,Medium,General,6.3,18.3
P00025,2026-05-04,Monday,Clinic B,11:12,672,10:00-12:00,0,10:56,656,-16,Routine,Senior,Follow-up,Physiotherapy Review,High,Rehab,6.5,29.1
P00026,2026-05-04,Monday,Clinic A,11:20,680,10:00-12:00,0,11:19,679,-1,Routine,Adult,New,Post-op Follow-up,Medium,General,5.0,25.4
P00027,2026-05-04,Monday,Clinic A,11:28,688,10:00-12:00,0,11:21,681,-7,Routine,Adult,Follow-up,Complex Care Review,High,Complex,8.1,37.1
P00028,2026-05-04,Monday,Clinic B,11:36,696,10:00-12:00,0,11:27,687,-9,Routine,Adult,Follow-up,Post-op Follow-up,Low,General,3.1,22.9
P00029,2026-05-04,Monday,Clinic A,11:44,704,10:00-12:00,0,11:41,701,-3,Routine,Senior,Follow-up,Post-op Follow-up,Low,General,8.7,18.3
P00030,2026-05-04,Monday,Clinic B,11:52,712,10:00-12:00,0,11:45,705,-7,Routine,Senior,Follow-up,General Review,Low,General,6.9,14.2
P00031,2026-05-04,Monday,Clinic A,13:00,780,13:00-15:00,1,,,,Routine,Senior,Follow-up,General Review,Medium,General,,
P00032,2026-05-04,Monday,Clinic A,13:10,790,13:00-15:00,0,13:10,790,0,Routine,Adult,Follow-up,Physiotherapy Review,Low,Rehab,6.9,29.0
P00033,2026-05-04,Monday,Clinic A,13:20,800,13:00-15:00,0,13:09,789,-11,Routine,Senior,New,General Review,Low,General,6.8,14.9
P00034,2026-05-04,Monday,Clinic A,13:30,810,13:00-15:00,0,13:26,806,-4,Routine,Adult,Follow-up,General Review,Medium,General,8.0,14.4
P00035,2026-05-04,Monday,Clinic B,13:40,820,13:00-15:00,0,13:34,814,-6,Routine,Adult,Follow-up,Physiotherapy Review,High,Rehab,6.0,35.8
P00036,2026-05-04,Monday,Clinic B,13:50,830,13:00-15:00,0,13:50,830,0,Routine,Adult,Follow-up,Physiotherapy Review,Low,Rehab,5.6,27.7
P00037,2026-05-04,Monday,Clinic B,14:00,840,13:00-15:00,0,14:07,847,7,Routine,Adult,New,General Review,Medium,General,6.3,12.3
P00038,2026-05-04,Monday,Clinic B,14:10,850,13:00-15:00,0,13:59,839,-11,Urgent,Senior,Follow-up,General Review,Medium,General,6.7,20.5
P00039,2026-05-04,Monday,Clinic A,14:20,860,13:00-15:00,0,14:15,855,-5,Routine,Adult,New,Post-op Follow-up,Low,General,6.2,18.9
P00040,2026-05-04,Monday,Clinic B,14:30,870,13:00-15:00,0,14:17,857,-13,Routine,Adult,New,Post-op Follow-up,Low,General,4.3,19.3
P00041,2026-05-04,Monday,Clinic B,14:40,880,13:00-15:00,1,,,,Routine,Senior,Follow-up,General Review,Low,General,,
P00042,2026-05-04,Monday,Clinic B,14:50,890,13:00-15:00,0,14:36,876,-14,Routine,Adult,Follow-up,General Review,High,General,6.1,20.4
P00043,2026-05-04,Monday,Clinic B,15:00,900,15:00-17:00,0,15:06,906,6,Routine,Adult,Follow-up,General Review,Medium,General,4.4,16.1
P00044,2026-05-04,Monday,Clinic B,15:10,910,15:00-17:00,1,,,,Urgent,Adult,Follow-up,Physiotherapy Review,Low,Rehab,,
P00045,2026-05-04,Monday,Clinic B,15:20,920,15:00-17:00,0,15:17,917,-3,Routine,Adult,Follow-up,General Review,Medium,General,5.9,13.7
P00046,2026-05-04,Monday,Clinic A,15:30,930,15:00-17:00,0,15:23,923,-7,Routine,Senior,Follow-up,General Review,Low,General,9.5,15.7
P00047,2026-05-04,Monday,Clinic A,15:40,940,15:00-17:00,0,15:37,937,-3,Routine,Adult,Follow-up,Complex Care Review,Medium,Complex,6.5,35.8
P00048,2026-05-04,Monday,Clinic B,15:50,950,15:00-17:00,0,16:08,968,18,Routine,Adult,New,General Review,Medium,General,4.5,14.2
P00049,2026-05-04,Monday,Clinic A,16:00,960,15:00-17:00,0,15:57,957,-3,Routine,Adult,Follow-up,General Review,High,General,6.6,19.0
P00050,2026-05-04,Monday,Clinic A,16:10,970,15:00-17:00,0,15:56,956,-14,Routine,Adult,Follow-up,General Review,Low,General,5.3,15.1
P00051,2026-05-04,Monday,Clinic B,16:20,980,15:00-17:00,0,16:11,971,-9,Routine,Adult,Follow-up,General Review,Low,General,4.5,12.6
P00052,2026-05-04,Monday,Clinic A,16:30,990,15:00-17:00,0,16:32,992,2,Routine,Adult,New,Post-op Follow-up,Low,General,3.4,19.7
P00053,2026-05-04,Monday,Clinic A,16:40,1000,15:00-17:00,0,16:35,995,-5,Routine,Adult,Follow-up,Post-op Follow-up,High,General,5.4,22.7
P00054,2026-05-04,Monday,Clinic B,16:50,1010,15:00-17:00,1,,,,Routine,Adult,New,Complex Care Review,Medium,Complex,,
P00055,2026-05-05,Tuesday,Clinic B,08:00,480,08:00-10:00,0,07:56,476,-4,Routine,Adult,Follow-up,Complex Care Review,Medium,Complex,3.9,31.9
P00056,2026-05-05,Tuesday,Clinic A,08:08,488,08:00-10:00,0,07:59,479,-9,Routine,Senior,Follow-up,General Review,Medium,General,4.5,14.6
P00057,2026-05-05,Tuesday,Clinic A,08:16,496,08:00-10:00,0,08:37,517,21,Routine,Senior,Follow-up,Physiotherapy Review,High,Rehab,5.3,33.6
P00058,2026-05-05,Tuesday,Clinic B,08:24,504,08:00-10:00,0,08:19,499,-5,Routine,Adult,Follow-up,Post-op Follow-up,Low,General,7.2,18.5
P00059,2026-05-05,Tuesday,Clinic B,08:32,512,08:00-10:00,0,08:33,513,1,Routine,Adult,Follow-up,Physiotherapy Review,Low,Rehab,5.2,26.6
P00060,2026-05-05,Tuesday,Clinic B,08:40,520,08:00-10:00,0,08:35,515,-5,Routine,Senior,Follow-up,General Review,Low,General,5.9,16.5
P00061,2026-05-05,Tuesday,Clinic A,08:48,528,08:00-10:00,0,08:35,515,-13,Routine,Adult,Follow-up,Complex Care Review,Low,Complex,4.1,43.7
P00062,2026-05-05,Tuesday,Clinic B,08:56,536,08:00-10:00,0,08:43,523,-13,Routine,Adult,Follow-up,Physiotherapy Review,Medium,Rehab,8.3,26.1
P00063,2026-05-05,Tuesday,Clinic B,09:04,544,08:00-10:00,0,08:58,538,-6,Urgent,Senior,Follow-up,Physiotherapy Review,Low,Rehab,8.2,28.0
P00064,2026-05-05,Tuesday,Clinic A,09:12,552,08:00-10:00,0,09:00,540,-12,Routine,Adult,Follow-up,Post-op Follow-up,Medium,General,4.5,22.7
P00065,2026-05-05,Tuesday,Clinic B,09:20,560,08:00-10:00,0,09:05,545,-15,Routine,Adult,Follow-up,Physiotherapy Review,Medium,Rehab,8.3,27.1
P00066,2026-05-05,Tuesday,Clinic A,09:28,568,08:00-10:00,0,09:28,568,0,Routine,Adult,Follow-up,Physiotherapy Review,Medium,Rehab,6.1,24.6
P00067,2026-05-05,Tuesday,Clinic A,09:36,576,08:00-10:00,0,09:33,573,-3,Urgent,Senior,Follow-up,Post-op Follow-up,High,General,9.8,20.9
P00068,2026-05-05,Tuesday,Clinic B,09:44,584,08:00-10:00,0,09:42,582,-2,Routine,Senior,Follow-up,General Review,Medium,General,8.0,16.3
P00069,2026-05-05,Tuesday,Clinic B,09:52,592,08:00-10:00,0,10:03,603,11,Routine,Adult,Follow-up,Post-op Follow-up,Low,General,4.7,22.7
P00070,2026-05-05,Tuesday,Clinic A,10:00,600,10:00-12:00,0,09:50,590,-10,Routine,Senior,Follow-up,General Review,Medium,General,6.4,15.8
P00071,2026-05-05,Tuesday,Clinic A,10:08,608,10:00-12:00,0,10:07,607,-1,Routine,Adult,Follow-up,General Review,Medium,General,8.6,15.0
P00072,2026-05-05,Tuesday,Clinic B,10:16,616,10:00-12:00,0,10:11,611,-5,Routine,Adult,Follow-up,Post-op Follow-up,Low,General,4.9,21.5
P00073,2026-05-05,Tuesday,Clinic B,10:24,624,10:00-12:00,0,10:20,620,-4,Routine,Senior,Follow-up,Post-op Follow-up,Medium,General,8.9,19.7
P00074,2026-05-05,Tuesday,Clinic B,10:32,632,10:00-12:00,0,10:18,618,-14,Routine,Adult,Follow-up,General Review,Low,General,5.6,16.3
P00075,2026-05-05,Tuesday,Clinic B,10:40,640,10:00-12:00,0,10:39,639,-1,Routine,Adult,New,Post-op Follow-up,Medium,General,4.3,26.7
P00076,2026-05-05,Tuesday,Clinic A,10:48,648,10:00-12:00,0,10:50,650,2,Routine,Adult,Follow-up,Physiotherapy Review,Medium,Rehab,6.2,30.8
P00077,2026-05-05,Tuesday,Clinic A,10:56,656,10:00-12:00,0,10:43,643,-13,Routine,Adult,Follow-up,General Review,High,General,3.9,20.8
P00078,2026-05-05,Tuesday,Clinic A,11:04,664,10:00-12:00,0,10:52,652,-12,Routine,Adult,Follow-up,Complex Care Review,Medium,Complex,5.4,40.7
P00079,2026-05-05,Tuesday,Clinic B,11:12,672,10:00-12:00,0,11:09,669,-3,Routine,Adult,Follow-up,General Review,Low,General,3.6,13.4
P00080,2026-05-05,Tuesday,Clinic A,11:20,680,10:00-12:00,0,11:19,679,-1,Routine,Senior,Follow-up,General Review,Medium,General,5.2,17.0
P00081,2026-05-05,Tuesday,Clinic A,11:28,688,10:00-12:00,0,11:23,683,-5,Routine,Adult,Follow-up,General Review,Low,General,6.6,12.6
P00082,2026-05-05,Tuesday,Clinic A,11:36,696,10:00-12:00,0,11:28,688,-8,Urgent,Senior,New,General Review,Low,General,7.0,11.5
P00083,2026-05-05,Tuesday,Clinic A,11:44,704,10:00-12:00,0,11:36,696,-8,Routine,Adult,Follow-up,General Review,Medium,General,6.7,14.5
P00084,2026-05-05,Tuesday,Clinic A,11:52,712,10:00-12:00,0,11:37,697,-15,Urgent,Adult,Follow-up,Physiotherapy Review,Medium,Rehab,6.6,36.1
P00085,2026-05-05,Tuesday,Clinic A,13:00,780,13:00-15:00,1,,,,Routine,Adult,Follow-up,General Review,Low,General,,
P00086,2026-05-05,Tuesday,Clinic B,13:10,790,13:00-15:00,0,13:05,785,-5,Routine,Senior,Follow-up,Post-op Follow-up,Low,General,8.2,17.6
P00087,2026-05-05,Tuesday,Clinic A,13:20,800,13:00-15:00,0,13:12,792,-8,Routine,Adult,Follow-up,Post-op Follow-up,Low,General,4.4,22.8
P00088,2026-05-05,Tuesday,Clinic A,13:30,810,13:00-15:00,1,,,,Routine,Senior,Follow-up,Physiotherapy Review,Low,Rehab,,
P00089,2026-05-05,Tuesday,Clinic B,13:40,820,13:00-15:00,0,13:32,812,-8,Routine,Senior,Follow-up,General Review,Medium,General,9.5,14.6
P00090,2026-05-05,Tuesday,Clinic B,13:50,830,13:00-15:00,0,13:40,820,-10,Urgent,Senior,Follow-up,General Review,Low,General,10.8,16.6
P00091,2026-05-05,Tuesday,Clinic A,14:00,840,13:00-15:00,1,,,,Routine,Adult,Follow-up,Complex Care Review,Low,Complex,,
P00092,2026-05-05,Tuesday,Clinic B,14:10,850,13:00-15:00,0,14:27,867,17,Routine,Adult,New,Post-op Follow-up,Low,General,4.6,19.0
P00093,2026-05-05,Tuesday,Clinic B,14:20,860,13:00-15:00,0,14:17,857,-3,Routine,Adult,New,Physiotherapy Review,Low,Rehab,6.2,24.3
P00094,2026-05-05,Tuesday,Clinic B,14:30,870,13:00-15:00,0,14:23,863,-7,Routine,Adult,Follow-up,General Review,Low,General,5.5,14.7
P00095,2026-05-05,Tuesday,Clinic A,14:40,880,13:00-15:00,1,,,,Routine,Adult,New,General Review,Low,General,,
P00096,2026-05-05,Tuesday,Clinic B,14:50,890,13:00-15:00,0,14:32,872,-18,Routine,Senior,Follow-up,Physiotherapy Review,Low,Rehab,7.5,30.5
P00097,2026-05-05,Tuesday,Clinic B,15:00,900,15:00-17:00,1,,,,Urgent,Adult,Follow-up,General Review,High,General,,
P00098,2026-05-05,Tuesday,Clinic A,15:10,910,15:00-17:00,0,15:12,912,2,Routine,Senior,Follow-up,General Review,Medium,General,7.9,15.6
P00099,2026-05-05,Tuesday,Clinic B,15:20,920,15:00-17:00,0,15:12,912,-8,Routine,Adult,Follow-up,General Review,Medium,General,5.0,16.9
P00100,2026-05-05,Tuesday,Clinic B,15:30,930,15:00-17:00,0,15:18,918,-12,Routine,Senior,New,General Review,Medium,General,7.1,16.4
P00101,2026-05-05,Tuesday,Clinic A,15:40,940,15:00-17:00,0,15:36,936,-4,Urgent,Adult,New,Post-op Follow-up,Medium,General,5.8,18.9
P00102,2026-05-05,Tuesday,Clinic A,15:50,950,15:00-17:00,0,16:06,966,16,Urgent,Adult,Follow-up,General Review,High,General,7.4,23.7
P00103,2026-05-05,Tuesday,Clinic B,16:00,960,15:00-17:00,0,15:54,954,-6,Routine,Senior,Follow-up,General Review,Low,General,6.3,12.8
P00104,2026-05-05,Tuesday,Clinic A,16:10,970,15:00-17:00,0,16:05,965,-5,Routine,Adult,Follow-up,General Review,Low,General,6.8,14.6
P00105,2026-05-05,Tuesday,Clinic B,16:20,980,15:00-17:00,1,,,,Routine,Senior,Follow-up,General Review,Low,General,,
P00106,2026-05-05,Tuesday,Clinic A,16:30,990,15:00-17:00,0,16:25,985,-5,Routine,Senior,Follow-up,General Review,High,General,8.7,17.6
P00107,2026-05-05,Tuesday,Clinic A,16:40,1000,15:00-17:00,0,16:39,999,-1,Routine,Adult,Follow-up,Physiotherapy Review,Medium,Rehab,5.1,24.2
P00108,2026-05-05,Tuesday,Clinic B,16:50,1010,15:00-17:00,0,16:40,1000,-10,Routine,Adult,Follow-up,General Review,Medium,General,7.3,11.8
P00109,2026-05-06,Wednesday,Clinic A,08:00,480,08:00-10:00,0,07:59,479,-1,Urgent,Adult,Follow-up,Physiotherapy Review,Low,Rehab,4.8,26.4
P00110,2026-05-06,Wednesday,Clinic A,08:08,488,08:00-10:00,0,07:56,476,-12,Urgent,Senior,Follow-up,General Review,Low,General,8.3,13.5
P00111,2026-05-06,Wednesday,Clinic B,08:16,496,08:00-10:00,0,08:09,489,-7,Routine,Adult,Follow-up,Physiotherapy Review,Low,Rehab,3.9,30.1
P00112,2026-05-06,Wednesday,Clinic A,08:24,504,08:00-10:00,0,08:20,500,-4,Routine,Adult,Follow-up,Post-op Follow-up,Low,General,4.5,20.5
P00113,2026-05-06,Wednesday,Clinic A,08:32,512,08:00-10:00,0,08:33,513,1,Routine,Adult,Follow-up,Post-op Follow-up,Medium,General,5.2,20.9
P00114,2026-05-06,Wednesday,Clinic A,08:40,520,08:00-10:00,0,08:47,527,7,Routine,Senior,New,Post-op Follow-up,Medium,General,6.5,24.2
P00115,2026-05-06,Wednesday,Clinic B,08:48,528,08:00-10:00,0,08:37,517,-11,Routine,Adult,New,General Review,High,General,7.3,16.0
P00116,2026-05-06,Wednesday,Clinic B,08:56,536,08:00-10:00,0,08:50,530,-6,Routine,Senior,New,General Review,Low,General,6.5,13.7
P00117,2026-05-06,Wednesday,Clinic A,09:04,544,08:00-10:00,0,09:05,545,1,Routine,Adult,Follow-up,General Review,Medium,General,4.0,14.7
P00118,2026-05-06,Wednesday,Clinic A,09:12,552,08:00-10:00,0,09:03,543,-9,Routine,Adult,Follow-up,General Review,Low,General,5.3,13.8
P00119,2026-05-06,Wednesday,Clinic A,09:20,560,08:00-10:00,0,09:16,556,-4,Routine,Adult,Follow-up,General Review,Medium,General,5.6,15.8
P00120,2026-05-06,Wednesday,Clinic B,09:28,568,08:00-10:00,1,,,,Routine,Adult,New,Physiotherapy Review,Low,Rehab,,
P00121,2026-05-06,Wednesday,Clinic A,09:36,576,08:00-10:00,0,09:20,560,-16,Routine,Adult,New,General Review,Low,General,5.1,13.2
P00122,2026-05-06,Wednesday,Clinic B,09:44,584,08:00-10:00,0,09:28,568,-16,Routine,Adult,Follow-up,General Review,High,General,4.6,18.7
P00123,2026-05-06,Wednesday,Clinic B,09:52,592,08:00-10:00,0,09:40,580,-12,Routine,Senior,Follow-up,General Review,Medium,General,9.9,16.3
P00124,2026-05-06,Wednesday,Clinic B,10:00,600,10:00-12:00,0,09:48,588,-12,Routine,Adult,New,Post-op Follow-up,Low,General,6.8,17.8
P00125,2026-05-06,Wednesday,Clinic A,10:08,608,10:00-12:00,0,10:03,603,-5,Urgent,Senior,New,Post-op Follow-up,Low,General,8.7,21.6
P00126,2026-05-06,Wednesday,Clinic A,10:16,616,10:00-12:00,0,10:02,602,-14,Routine,Senior,Follow-up,Post-op Follow-up,Low,General,7.3,19.5
P00127,2026-05-06,Wednesday,Clinic A,10:24,624,10:00-12:00,0,10:18,618,-6,Routine,Adult,Follow-up,General Review,High,General,4.8,13.8
P00128,2026-05-06,Wednesday,Clinic A,10:32,632,10:00-12:00,0,10:28,628,-4,Routine,Adult,Follow-up,Post-op Follow-up,Medium,General,6.0,24.0
P00129,2026-05-06,Wednesday,Clinic A,10:40,640,10:00-12:00,0,10:57,657,17,Urgent,Adult,New,General Review,Medium,General,6.5,20.1
P00130,2026-05-06,Wednesday,Clinic A,10:48,648,10:00-12:00,0,10:47,647,-1,Routine,Adult,Follow-up,General Review,Medium,General,5.0,13.7
P00131,2026-05-06,Wednesday,Clinic A,10:56,656,10:00-12:00,0,10:48,648,-8,Routine,Adult,Follow-up,General Review,Medium,General,5.4,12.4
P00132,2026-05-06,Wednesday,Clinic A,11:04,664,10:00-12:00,0,10:57,657,-7,Urgent,Senior,Follow-up,Complex Care Review,Medium,Complex,7.6,46.2
P00133,2026-05-06,Wednesday,Clinic B,11:12,672,10:00-12:00,0,11:02,662,-10,Routine,Adult,Follow-up,Post-op Follow-up,Low,General,4.9,14.7
P00134,2026-05-06,Wednesday,Clinic A,11:20,680,10:00-12:00,0,11:27,687,7,Routine,Adult,Follow-up,General Review,Low,General,4.9,13.5
P00135,2026-05-06,Wednesday,Clinic B,11:28,688,10:00-12:00,0,11:27,687,-1,Routine,Adult,Follow-up,Post-op Follow-up,Low,General,5.7,18.7
P00136,2026-05-06,Wednesday,Clinic A,11:36,696,10:00-12:00,0,11:29,689,-7,Routine,Senior,Follow-up,General Review,Medium,General,8.1,17.5
P00137,2026-05-06,Wednesday,Clinic A,11:44,704,10:00-12:00,0,11:43,703,-1,Routine,Adult,Follow-up,Post-op Follow-up,Medium,General,3.4,19.1
P00138,2026-05-06,Wednesday,Clinic B,11:52,712,10:00-12:00,0,11:52,712,0,Routine,Adult,Follow-up,Physiotherapy Review,Medium,Rehab,5.8,24.4
P00139,2026-05-06,Wednesday,Clinic B,13:00,780,13:00-15:00,0,12:57,777,-3,Routine,Adult,Follow-up,Physiotherapy Review,Medium,Rehab,4.5,27.9
P00140,2026-05-06,Wednesday,Clinic A,13:10,790,13:00-15:00,0,13:04,784,-6,Routine,Senior,Follow-up,Post-op Follow-up,Medium,General,7.8,20.7
P00141,2026-05-06,Wednesday,Clinic A,13:20,800,13:00-15:00,0,13:15,795,-5,Routine,Senior,Follow-up,Post-op Follow-up,High,General,7.4,21.9
P00142,2026-05-06,Wednesday,Clinic B,13:30,810,13:00-15:00,0,13:28,808,-2,Routine,Adult,Follow-up,Post-op Follow-up,Medium,General,6.4,19.9
P00143,2026-05-06,Wednesday,Clinic A,13:40,820,13:00-15:00,0,13:33,813,-7,Routine,Adult,Follow-up,General Review,Low,General,7.6,14.7
P00144,2026-05-06,Wednesday,Clinic A,13:50,830,13:00-15:00,0,13:49,829,-1,Routine,Adult,Follow-up,General Review,Low,General,3.8,16.3
P00145,2026-05-06,Wednesday,Clinic B,14:00,840,13:00-15:00,0,13:47,827,-13,Routine,Adult,Follow-up,General Review,Medium,General,4.4,16.6
P00146,2026-05-06,Wednesday,Clinic A,14:10,850,13:00-15:00,0,14:08,848,-2,Routine,Senior,Follow-up,General Review,Low,General,8.3,11.1
P00147,2026-05-06,Wednesday,Clinic B,14:20,860,13:00-15:00,0,14:19,859,-1,Routine,Senior,New,Complex Care Review,Medium,Complex,8.2,28.5
P00148,2026-05-06,Wednesday,Clinic A,14:30,870,13:00-15:00,0,14:22,862,-8,Routine,Senior,New,Post-op Follow-up,Medium,General,6.5,20.6
P00149,2026-05-06,Wednesday,Clinic B,14:40,880,13:00-15:00,0,14:23,863,-17,Routine,Adult,Follow-up,General Review,Medium,General,5.2,14.6
P00150,2026-05-06,Wednesday,Clinic A,14:50,890,13:00-15:00,0,15:12,912,22,Urgent,Adult,Follow-up,Post-op Follow-up,Low,General,6.4,21.7
P00151,2026-05-06,Wednesday,Clinic B,15:00,900,15:00-17:00,0,14:56,896,-4,Routine,Senior,Follow-up,Post-op Follow-up,Medium,General,7.7,24.7
P00152,2026-05-06,Wednesday,Clinic B,15:10,910,15:00-17:00,0,15:04,904,-6,Urgent,Senior,Follow-up,Post-op Follow-up,Low,General,10.2,23.5
P00153,2026-05-06,Wednesday,Clinic A,15:20,920,15:00-17:00,0,15:15,915,-5,Urgent,Senior,Follow-up,General Review,Low,General,8.2,15.9
P00154,2026-05-06,Wednesday,Clinic A,15:30,930,15:00-17:00,0,15:30,930,0,Routine,Adult,Follow-up,Post-op Follow-up,Low,General,6.2,18.3
P00155,2026-05-06,Wednesday,Clinic B,15:40,940,15:00-17:00,1,,,,Routine,Adult,Follow-up,General Review,Low,General,,
P00156,2026-05-06,Wednesday,Clinic B,15:50,950,15:00-17:00,0,16:08,968,18,Routine,Adult,New,Complex Care Review,Low,Complex,6.5,42.2
P00157,2026-05-06,Wednesday,Clinic A,16:00,960,15:00-17:00,0,15:53,953,-7,Routine,Senior,Follow-up,Complex Care Review,Low,Complex,7.8,43.7
P00158,2026-05-06,Wednesday,Clinic A,16:10,970,15:00-17:00,0,16:32,992,22,Routine,Adult,Follow-up,Physiotherapy Review,High,Rehab,5.1,29.5
P00159,2026-05-06,Wednesday,Clinic B,16:20,980,15:00-17:00,0,16:37,997,17,Routine,Adult,Follow-up,Physiotherapy Review,Medium,Rehab,4.7,23.2
P00160,2026-05-06,Wednesday,Clinic B,16:30,990,15:00-17:00,0,16:30,990,0,Routine,Adult,Follow-up,General Review,Low,General,4.3,17.5
P00161,2026-05-06,Wednesday,Clinic B,16:40,1000,15:00-17:00,0,16:35,995,-5,Routine,Adult,Follow-up,Post-op Follow-up,Medium,General,5.6,20.1
P00162,2026-05-06,Wednesday,Clinic B,16:50,1010,15:00-17:00,0,16:47,1007,-3,Routine,Adult,Follow-up,General Review,Medium,General,5.1,15.7
P00163,2026-05-07,Thursday,Clinic B,08:00,480,08:00-10:00,0,07:55,475,-5,Routine,Adult,New,General Review,Medium,General,5.4,17.9
P00164,2026-05-07,Thursday,Clinic A,08:08,488,08:00-10:00,0,08:03,483,-5,Routine,Senior,Follow-up,General Review,Low,General,5.3,13.5
P00165,2026-05-07,Thursday,Clinic A,08:16,496,08:00-10:00,0,08:12,492,-4,Routine,Senior,Follow-up,Post-op Follow-up,Medium,General,6.1,19.2
P00166,2026-05-07,Thursday,Clinic B,08:24,504,08:00-10:00,0,08:19,499,-5,Routine,Senior,Follow-up,Post-op Follow-up,Low,General,7.7,21.9
P00167,2026-05-07,Thursday,Clinic A,08:32,512,08:00-10:00,0,08:14,494,-18,Routine,Senior,Follow-up,Post-op Follow-up,Medium,General,6.0,20.2
P00168,2026-05-07,Thursday,Clinic A,08:40,520,08:00-10:00,0,08:42,522,2,Routine,Senior,Follow-up,General Review,Medium,General,4.8,13.6
P00169,2026-05-07,Thursday,Clinic B,08:48,528,08:00-10:00,0,08:41,521,-7,Routine,Senior,New,General Review,Medium,General,8.6,17.8
P00170,2026-05-07,Thursday,Clinic B,08:56,536,08:00-10:00,0,08:51,531,-5,Routine,Adult,Follow-up,General Review,Low,General,5.8,15.9
P00171,2026-05-07,Thursday,Clinic A,09:04,544,08:00-10:00,0,08:48,528,-16,Urgent,Adult,New,General Review,High,General,9.5,20.1
P00172,2026-05-07,Thursday,Clinic A,09:12,552,08:00-10:00,0,09:07,547,-5,Routine,Adult,New,Physiotherapy Review,Low,Rehab,7.0,25.5
P00173,2026-05-07,Thursday,Clinic A,09:20,560,08:00-10:00,0,09:18,558,-2,Urgent,Adult,Follow-up,General Review,Medium,General,7.1,17.7
P00174,2026-05-07,Thursday,Clinic A,09:28,568,08:00-10:00,0,09:12,552,-16,Urgent,Adult,Follow-up,General Review,Medium,General,7.7,15.0
P00175,2026-05-07,Thursday,Clinic A,09:36,576,08:00-10:00,0,09:42,582,6,Routine,Adult,New,Post-op Follow-up,Medium,General,4.9,19.7
P00176,2026-05-07,Thursday,Clinic A,09:44,584,08:00-10:00,0,09:37,577,-7,Routine,Adult,New,Post-op Follow-up,Low,General,5.0,18.8
P00177,2026-05-07,Thursday,Clinic A,09:52,592,08:00-10:00,0,09:38,578,-14,Urgent,Adult,New,Complex Care Review,High,Complex,5.2,45.1
P00178,2026-05-07,Thursday,Clinic A,10:00,600,10:00-12:00,0,09:46,586,-14,Routine,Adult,New,General Review,Medium,General,4.9,17.8
P00179,2026-05-07,Thursday,Clinic A,10:08,608,10:00-12:00,0,10:00,600,-8,Routine,Senior,New,General Review,High,General,8.7,17.7
P00180,2026-05-07,Thursday,Clinic A,10:16,616,10:00-12:00,0,10:13,613,-3,Routine,Adult,Follow-up,Post-op Follow-up,Low,General,4.2,19.9
P00181,2026-05-07,Thursday,Clinic A,10:24,624,10:00-12:00,0,10:21,621,-3,Urgent,Senior,Follow-up,Post-op Follow-up,Low,General,9.7,21.3
P00182,2026-05-07,Thursday,Clinic A,10:32,632,10:00-12:00,0,10:28,628,-4,Routine,Senior,Follow-up,Post-op Follow-up,Low,General,7.4,20.7
P00183,2026-05-07,Thursday,Clinic B,10:40,640,10:00-12:00,0,10:32,632,-8,Routine,Adult,Follow-up,Physiotherapy Review,Medium,Rehab,5.1,28.6
P00184,2026-05-07,Thursday,Clinic A,10:48,648,10:00-12:00,0,10:41,641,-7,Urgent,Adult,Follow-up,Physiotherapy Review,Low,Rehab,7.0,30.3
P00185,2026-05-07,Thursday,Clinic B,10:56,656,10:00-12:00,0,10:51,651,-5,Routine,Adult,Follow-up,Post-op Follow-up,Low,General,4.2,23.1
P00186,2026-05-07,Thursday,Clinic A,11:04,664,10:00-12:00,0,10:58,658,-6,Routine,Adult,Follow-up,General Review,Low,General,4.9,15.5
P00187,2026-05-07,Thursday,Clinic A,11:12,672,10:00-12:00,0,11:08,668,-4,Routine,Adult,New,Post-op Follow-up,High,General,5.7,28.0
P00188,2026-05-07,Thursday,Clinic A,11:20,680,10:00-12:00,0,11:16,676,-4,Routine,Adult,Follow-up,General Review,Medium,General,6.3,14.0
P00189,2026-05-07,Thursday,Clinic B,11:28,688,10:00-12:00,0,11:33,693,5,Routine,Adult,Follow-up,Physiotherapy Review,Low,Rehab,5.6,27.8
P00190,2026-05-07,Thursday,Clinic A,11:36,696,10:00-12:00,0,11:31,691,-5,Urgent,Senior,Follow-up,General Review,Medium,General,7.3,13.7
P00191,2026-05-07,Thursday,Clinic B,11:44,704,10:00-12:00,0,11:37,697,-7,Routine,Adult,Follow-up,General Review,Low,General,9.0,14.2
P00192,2026-05-07,Thursday,Clinic B,11:52,712,10:00-12:00,0,12:00,720,8,Routine,Adult,New,Post-op Follow-up,Low,General,8.1,19.5
P00193,2026-05-07,Thursday,Clinic A,13:00,780,13:00-15:00,0,12:53,773,-7,Routine,Adult,Follow-up,Physiotherapy Review,Low,Rehab,4.8,26.8
P00194,2026-05-07,Thursday,Clinic B,13:10,790,13:00-15:00,0,13:07,787,-3,Routine,Adult,Follow-up,Physiotherapy Review,Low,Rehab,5.1,29.9
P00195,2026-05-07,Thursday,Clinic B,13:20,800,13:00-15:00,1,,,,Routine,Adult,Follow-up,Post-op Follow-up,High,General,,
P00196,2026-05-07,Thursday,Clinic A,13:30,810,13:00-15:00,0,13:23,803,-7,Routine,Senior,Follow-up,General Review,Low,General,8.3,13.3
P00197,2026-05-07,Thursday,Clinic A,13:40,820,13:00-15:00,0,13:28,808,-12,Routine,Adult,Follow-up,General Review,Low,General,5.7,13.2
P00198,2026-05-07,Thursday,Clinic B,13:50,830,13:00-15:00,0,13:41,821,-9,Urgent,Adult,Follow-up,Physiotherapy Review,Medium,Rehab,9.6,37.1
P00199,2026-05-07,Thursday,Clinic A,14:00,840,13:00-15:00,0,13:59,839,-1,Routine,Adult,Follow-up,Physiotherapy Review,Medium,Rehab,5.4,31.5
P00200,2026-05-07,Thursday,Clinic A,14:10,850,13:00-15:00,1,,,,Routine,Adult,Follow-up,Post-op Follow-up,High,General,,
P00201,2026-05-07,Thursday,Clinic A,14:20,860,13:00-15:00,1,,,,Routine,Adult,Follow-up,Physiotherapy Review,Medium,Rehab,,
P00202,2026-05-07,Thursday,Clinic B,14:30,870,13:00-15:00,1,,,,Routine,Adult,Follow-up,Post-op Follow-up,Low,General,,
P00203,2026-05-07,Thursday,Clinic B,14:40,880,13:00-15:00,0,14:35,875,-5,Routine,Adult,New,Post-op Follow-up,Medium,General,5.4,18.9
P00204,2026-05-07,Thursday,Clinic B,14:50,890,13:00-15:00,0,15:10,910,20,Routine,Adult,New,General Review,Low,General,4.8,14.7
P00205,2026-05-07,Thursday,Clinic B,15:00,900,15:00-17:00,0,15:00,900,0,Routine,Senior,New,General Review,Low,General,6.8,13.9
P00206,2026-05-07,Thursday,Clinic A,15:10,910,15:00-17:00,0,15:07,907,-3,Routine,Senior,Follow-up,General Review,Medium,General,5.0,15.6
P00207,2026-05-07,Thursday,Clinic A,15:20,920,15:00-17:00,0,15:08,908,-12,Routine,Senior,New,Physiotherapy Review,Low,Rehab,4.8,26.0
P00208,2026-05-07,Thursday,Clinic B,15:30,930,15:00-17:00,0,15:18,918,-12,Routine,Adult,New,General Review,High,General,5.9,18.1
P00209,2026-05-07,Thursday,Clinic B,15:40,940,15:00-17:00,0,15:47,947,7,Routine,Adult,Follow-up,General Review,Medium,General,7.1,15.6
P00210,2026-05-07,Thursday,Clinic A,15:50,950,15:00-17:00,0,15:48,948,-2,Routine,Senior,Follow-up,General Review,High,General,6.9,19.0
P00211,2026-05-07,Thursday,Clinic B,16:00,960,15:00-17:00,0,15:48,948,-12,Routine,Senior,Follow-up,Physiotherapy Review,Low,Rehab,7.2,21.1
P00212,2026-05-07,Thursday,Clinic B,16:10,970,15:00-17:00,0,16:14,974,4,Routine,Adult,Follow-up,Physiotherapy Review,Medium,Rehab,4.0,29.5
P00213,2026-05-07,Thursday,Clinic B,16:20,980,15:00-17:00,0,16:14,974,-6,Routine,Adult,Follow-up,General Review,Medium,General,6.2,12.7
P00214,2026-05-07,Thursday,Clinic B,16:30,990,15:00-17:00,0,16:15,975,-15,Routine,Adult,Follow-up,General Review,Low,General,6.5,12.0
P00215,2026-05-07,Thursday,Clinic A,16:40,1000,15:00-17:00,0,16:28,988,-12,Routine,Senior,New,Complex Care Review,Medium,Complex,7.6,44.8
P00216,2026-05-07,Thursday,Clinic A,16:50,1010,15:00-17:00,1,,,,Routine,Senior,Follow-up,Physiotherapy Review,Low,Rehab,,
P00217,2026-05-08,Friday,Clinic A,08:00,480,08:00-10:00,0,07:46,466,-14,Routine,Senior,Follow-up,Post-op Follow-up,Low,General,7.1,24.6
P00218,2026-05-08,Friday,Clinic B,08:08,488,08:00-10:00,0,08:03,483,-5,Routine,Adult,Follow-up,Physiotherapy Review,High,Rehab,6.3,23.3
P00219,2026-05-08,Friday,Clinic B,08:16,496,08:00-10:00,0,08:13,493,-3,Routine,Adult,Follow-up,General Review,High,General,4.3,15.1
P00220,2026-05-08,Friday,Clinic B,08:24,504,08:00-10:00,0,08:17,497,-7,Routine,Adult,Follow-up,Physiotherapy Review,Medium,Rehab,5.2,28.1
P00221,2026-05-08,Friday,Clinic A,08:32,512,08:00-10:00,0,08:23,503,-9,Urgent,Senior,Follow-up,Physiotherapy Review,Low,Rehab,7.3,31.2
P00222,2026-05-08,Friday,Clinic B,08:40,520,08:00-10:00,0,08:31,511,-9,Routine,Adult,Follow-up,General Review,Medium,General,4.0,16.4
P00223,2026-05-08,Friday,Clinic A,08:48,528,08:00-10:00,0,08:37,517,-11,Routine,Senior,Follow-up,Physiotherapy Review,Medium,Rehab,6.6,26.3
P00224,2026-05-08,Friday,Clinic B,08:56,536,08:00-10:00,0,08:51,531,-5,Routine,Adult,New,General Review,Medium,General,4.6,13.4
P00225,2026-05-08,Friday,Clinic B,09:04,544,08:00-10:00,0,08:50,530,-14,Urgent,Senior,New,Post-op Follow-up,Low,General,9.3,23.1
P00226,2026-05-08,Friday,Clinic A,09:12,552,08:00-10:00,0,09:31,571,19,Routine,Adult,Follow-up,General Review,Medium,General,7.5,14.0
P00227,2026-05-08,Friday,Clinic A,09:20,560,08:00-10:00,0,09:16,556,-4,Routine,Adult,New,Post-op Follow-up,High,General,5.3,26.6
P00228,2026-05-08,Friday,Clinic A,09:28,568,08:00-10:00,0,09:23,563,-5,Routine,Adult,Follow-up,General Review,Medium,General,5.8,13.9
P00229,2026-05-08,Friday,Clinic A,09:36,576,08:00-10:00,1,,,,Routine,Adult,Follow-up,Post-op Follow-up,Medium,General,,
P00230,2026-05-08,Friday,Clinic B,09:44,584,08:00-10:00,0,09:34,574,-10,Routine,Adult,Follow-up,General Review,Low,General,6.6,16.7
P00231,2026-05-08,Friday,Clinic B,09:52,592,08:00-10:00,0,09:45,585,-7,Urgent,Adult,Follow-up,Complex Care Review,Low,Complex,6.5,40.7
P00232,2026-05-08,Friday,Clinic A,10:00,600,10:00-12:00,0,10:20,620,20,Routine,Adult,New,Physiotherapy Review,High,Rehab,3.8,31.6
P00233,2026-05-08,Friday,Clinic A,10:08,608,10:00-12:00,0,10:04,604,-4,Routine,Senior,Follow-up,Physiotherapy Review,Low,Rehab,5.9,22.5
P00234,2026-05-08,Friday,Clinic A,10:16,616,10:00-12:00,0,10:08,608,-8,Routine,Adult,Follow-up,General Review,Medium,General,8.2,16.2
P00235,2026-05-08,Friday,Clinic B,10:24,624,10:00-12:00,0,10:15,615,-9,Routine,Adult,Follow-up,Post-op Follow-up,High,General,6.9,24.4
P00236,2026-05-08,Friday,Clinic A,10:32,632,10:00-12:00,0,10:33,633,1,Routine,Senior,Follow-up,Post-op Follow-up,High,General,6.7,25.8
P00237,2026-05-08,Friday,Clinic B,10:40,640,10:00-12:00,0,10:32,632,-8,Routine,Adult,Follow-up,General Review,Low,General,6.2,15.1
P00238,2026-05-08,Friday,Clinic A,10:48,648,10:00-12:00,0,10:54,654,6,Routine,Senior,New,Post-op Follow-up,Medium,General,6.0,21.6
P00239,2026-05-08,Friday,Clinic B,10:56,656,10:00-12:00,0,10:55,655,-1,Routine,Adult,Follow-up,Physiotherapy Review,Medium,Rehab,3.6,20.8
P00240,2026-05-08,Friday,Clinic B,11:04,664,10:00-12:00,0,11:04,664,0,Routine,Senior,Follow-up,General Review,High,General,9.0,17.6
P00241,2026-05-08,Friday,Clinic A,11:12,672,10:00-12:00,0,10:57,657,-15,Urgent,Adult,Follow-up,General Review,Low,General,7.1,13.0
P00242,2026-05-08,Friday,Clinic A,11:20,680,10:00-12:00,0,11:05,665,-15,Routine,Adult,Follow-up,General Review,Medium,General,4.6,16.7
P00243,2026-05-08,Friday,Clinic A,11:28,688,10:00-12:00,0,11:43,703,15,Urgent,Adult,Follow-up,Post-op Follow-up,Low,General,5.9,17.5
P00244,2026-05-08,Friday,Clinic A,11:36,696,10:00-12:00,0,11:31,691,-5,Routine,Senior,Follow-up,General Review,Low,General,7.4,11.4
P00245,2026-05-08,Friday,Clinic A,11:44,704,10:00-12:00,0,11:46,706,2,Urgent,Adult,Follow-up,Post-op Follow-up,Medium,General,7.7,24.6
P00246,2026-05-08,Friday,Clinic A,11:52,712,10:00-12:00,0,12:12,732,20,Urgent,Adult,New,Post-op Follow-up,Low,General,5.5,20.5
P00247,2026-05-08,Friday,Clinic B,13:00,780,13:00-15:00,0,12:51,771,-9,Routine,Adult,Follow-up,Physiotherapy Review,Low,Rehab,5.6,31.5
P00248,2026-05-08,Friday,Clinic A,13:10,790,13:00-15:00,1,,,,Routine,Adult,New,Post-op Follow-up,Medium,General,,
P00249,2026-05-08,Friday,Clinic B,13:20,800,13:00-15:00,0,13:07,787,-13,Routine,Senior,Follow-up,General Review,Medium,General,6.3,15.5
P00250,2026-05-08,Friday,Clinic A,13:30,810,13:00-15:00,0,13:26,806,-4,Routine,Senior,Follow-up,Post-op Follow-up,Low,General,6.4,18.7
P00251,2026-05-08,Friday,Clinic A,13:40,820,13:00-15:00,0,13:31,811,-9,Urgent,Senior,New,Physiotherapy Review,Medium,Rehab,9.2,33.8
P00252,2026-05-08,Friday,Clinic A,13:50,830,13:00-15:00,0,13:43,823,-7,Routine,Adult,Follow-up,Post-op Follow-up,Low,General,6.4,18.9
P00253,2026-05-08,Friday,Clinic A,14:00,840,13:00-15:00,0,13:55,835,-5,Urgent,Adult,New,General Review,Low,General,5.9,15.0
P00254,2026-05-08,Friday,Clinic A,14:10,850,13:00-15:00,0,14:07,847,-3,Routine,Senior,Follow-up,General Review,Low,General,6.8,12.9
P00255,2026-05-08,Friday,Clinic A,14:20,860,13:00-15:00,0,14:23,863,3,Urgent,Adult,New,General Review,Medium,General,6.1,19.0
P00256,2026-05-08,Friday,Clinic B,14:30,870,13:00-15:00,0,14:18,858,-12,Routine,Adult,Follow-up,General Review,Low,General,6.4,13.0
P00257,2026-05-08,Friday,Clinic A,14:40,880,13:00-15:00,0,14:34,874,-6,Routine,Adult,Follow-up,General Review,Medium,General,8.9,19.2
P00258,2026-05-08,Friday,Clinic A,14:50,890,13:00-15:00,0,14:41,881,-9,Routine,Adult,Follow-up,Post-op Follow-up,Low,General,6.1,23.3
P00259,2026-05-08,Friday,Clinic A,15:00,900,15:00-17:00,0,15:10,910,10,Routine,Senior,Follow-up,General Review,High,General,4.8,16.9
P00260,2026-05-08,Friday,Clinic B,15:10,910,15:00-17:00,0,15:07,907,-3,Urgent,Adult,Follow-up,Post-op Follow-up,Medium,General,7.3,27.0
P00261,2026-05-08,Friday,Clinic B,15:20,920,15:00-17:00,0,15:15,915,-5,Routine,Senior,Follow-up,General Review,Medium,General,9.7,15.4
P00262,2026-05-08,Friday,Clinic A,15:30,930,15:00-17:00,0,15:23,923,-7,Routine,Adult,New,Physiotherapy Review,Medium,Rehab,6.0,30.0
P00263,2026-05-08,Friday,Clinic B,15:40,940,15:00-17:00,0,15:45,945,5,Routine,Senior,New,Post-op Follow-up,Low,General,7.0,22.5
P00264,2026-05-08,Friday,Clinic A,15:50,950,15:00-17:00,0,16:07,967,17,Routine,Senior,Follow-up,General Review,Low,General,6.2,15.3
P00265,2026-05-08,Friday,Clinic A,16:00,960,15:00-17:00,0,16:15,975,15,Routine,Adult,Follow-up,Physiotherapy Review,Low,Rehab,3.2,26.8
P00266,2026-05-08,Friday,Clinic A,16:10,970,15:00-17:00,0,16:10,970,0,Routine,Adult,Follow-up,Physiotherapy Review,Low,Rehab,7.3,24.7
P00267,2026-05-08,Friday,Clinic A,16:20,980,15:00-17:00,1,,,,Routine,Adult,Follow-up,Post-op Follow-up,Low,General,,
P00268,2026-05-08,Friday,Clinic A,16:30,990,15:00-17:00,0,16:23,983,-7,Routine,Adult,Follow-up,Post-op Follow-up,High,General,7.5,25.0
P00269,2026-05-08,Friday,Clinic A,16:40,1000,15:00-17:00,0,16:29,989,-11,Routine,Senior,Follow-up,General Review,Low,General,7.7,14.5
P00270,2026-05-08,Friday,Clinic A,16:50,1010,15:00-17:00,0,16:55,1015,5,Routine,Adult,New,Physiotherapy Review,Low,Rehab,6.3,23.4
P00271,2026-05-11,Monday,Clinic A,08:00,480,08:00-10:00,0,07:54,474,-6,Routine,Adult,Follow-up,General Review,Low,General,6.5,11.7
P00272,2026-05-11,Monday,Clinic B,08:08,488,08:00-10:00,0,08:25,505,17,Routine,Adult,Follow-up,Post-op Follow-up,Low,General,4.1,21.7
P00273,2026-05-11,Monday,Clinic B,08:16,496,08:00-10:00,0,08:17,497,1,Routine,Senior,Follow-up,General Review,High,General,5.7,15.2
P00274,2026-05-11,Monday,Clinic A,08:24,504,08:00-10:00,0,08:19,499,-5,Routine,Adult,Follow-up,Physiotherapy Review,Low,Rehab,6.2,30.2
P00275,2026-05-11,Monday,Clinic B,08:32,512,08:00-10:00,0,08:32,512,0,Routine,Adult,Follow-up,General Review,Low,General,6.2,15.3
P00276,2026-05-11,Monday,Clinic B,08:40,520,08:00-10:00,0,08:42,522,2,Routine,Senior,New,Post-op Follow-up,Medium,General,5.7,22.0
P00277,2026-05-11,Monday,Clinic B,08:48,528,08:00-10:00,0,08:51,531,3,Routine,Senior,Follow-up,General Review,Low,General,5.2,12.8
P00278,2026-05-11,Monday,Clinic A,08:56,536,08:00-10:00,0,09:03,543,7,Routine,Adult,Follow-up,Post-op Follow-up,Low,General,7.1,19.2
P00279,2026-05-11,Monday,Clinic B,09:04,544,08:00-10:00,0,09:00,540,-4,Routine,Adult,New,General Review,Medium,General,6.0,14.3
P00280,2026-05-11,Monday,Clinic B,09:12,552,08:00-10:00,0,09:13,553,1,Routine,Adult,Follow-up,General Review,Low,General,5.4,14.7
P00281,2026-05-11,Monday,Clinic A,09:20,560,08:00-10:00,0,09:35,575,15,Routine,Senior,Follow-up,General Review,Medium,General,6.9,12.8
P00282,2026-05-11,Monday,Clinic B,09:28,568,08:00-10:00,0,09:15,555,-13,Routine,Adult,Follow-up,Post-op Follow-up,High,General,6.4,20.4
P00283,2026-05-11,Monday,Clinic A,09:36,576,08:00-10:00,0,09:31,571,-5,Routine,Senior,New,Physiotherapy Review,Medium,Rehab,6.2,36.1
P00284,2026-05-11,Monday,Clinic B,09:44,584,08:00-10:00,0,09:44,584,0,Routine,Adult,Follow-up,General Review,Medium,General,7.3,15.0
P00285,2026-05-11,Monday,Clinic A,09:52,592,08:00-10:00,0,09:50,590,-2,Urgent,Adult,New,General Review,High,General,7.9,20.0
P00286,2026-05-11,Monday,Clinic B,10:00,600,10:00-12:00,0,09:56,596,-4,Routine,Adult,Follow-up,General Review,Low,General,6.1,16.8
P00287,2026-05-11,Monday,Clinic A,10:08,608,10:00-12:00,0,09:59,599,-9,Routine,Adult,Follow-up,General Review,Medium,General,6.5,16.6
P00288,2026-05-11,Monday,Clinic A,10:16,616,10:00-12:00,0,10:11,611,-5,Routine,Adult,Follow-up,General Review,Medium,General,4.9,14.5
P00289,2026-05-11,Monday,Clinic B,10:24,624,10:00-12:00,0,10:22,622,-2,Routine,Senior,Follow-up,General Review,Low,General,7.9,12.8
P00290,2026-05-11,Monday,Clinic A,10:32,632,10:00-12:00,0,10:23,623,-9,Urgent,Senior,Follow-up,Post-op Follow-up,Low,General,7.1,23.6
P00291,2026-05-11,Monday,Clinic B,10:40,640,10:00-12:00,0,10:40,640,0,Routine,Adult,Follow-up,Post-op Follow-up,Medium,General,8.1,19.0
P00292,2026-05-11,Monday,Clinic A,10:48,648,10:00-12:00,0,10:37,637,-11,Routine,Adult,New,Post-op Follow-up,Low,General,4.7,18.5
P00293,2026-05-11,Monday,Clinic A,10:56,656,10:00-12:00,0,11:02,662,6,Routine,Adult,Follow-up,General Review,High,General,5.8,17.5
P00294,2026-05-11,Monday,Clinic A,11:04,664,10:00-12:00,0,10:53,653,-11,Routine,Adult,New,General Review,Low,General,4.6,13.3
P00295,2026-05-11,Monday,Clinic B,11:12,672,10:00-12:00,0,11:10,670,-2,Urgent,Senior,New,Post-op Follow-up,Medium,General,8.6,26.8
P00296,2026-05-11,Monday,Clinic A,11:20,680,10:00-12:00,0,11:21,681,1,Routine,Senior,Follow-up,General Review,Low,General,8.0,11.2
P00297,2026-05-11,Monday,Clinic A,11:28,688,10:00-12:00,0,11:22,682,-6,Routine,Adult,New,Complex Care Review,High,Complex,6.2,50.2
P00298,2026-05-11,Monday,Clinic B,11:36,696,10:00-12:00,0,11:47,707,11,Urgent,Adult,Follow-up,Post-op Follow-up,Medium,General,5.5,20.2
P00299,2026-05-11,Monday,Clinic A,11:44,704,10:00-12:00,0,11:39,699,-5,Routine,Adult,Follow-up,General Review,Low,General,6.2,14.1
P00300,2026-05-11,Monday,Clinic B,11:52,712,10:00-12:00,0,11:50,710,-2,Routine,Senior,New,Post-op Follow-up,Low,General,5.5,21.2
P00301,2026-05-11,Monday,Clinic A,13:00,780,13:00-15:00,0,12:56,776,-4,Routine,Adult,Follow-up,Post-op Follow-up,Low,General,8.0,17.0
P00302,2026-05-11,Monday,Clinic A,13:10,790,13:00-15:00,0,13:08,788,-2,Routine,Adult,Follow-up,Physiotherapy Review,High,Rehab,3.2,34.4
P00303,2026-05-11,Monday,Clinic A,13:20,800,13:00-15:00,0,13:18,798,-2,Routine,Adult,Follow-up,Complex Care Review,Low,Complex,4.6,39.0
P00304,2026-05-11,Monday,Clinic A,13:30,810,13:00-15:00,0,13:28,808,-2,Urgent,Senior,Follow-up,Physiotherapy Review,High,Rehab,6.1,39.2
P00305,2026-05-11,Monday,Clinic A,13:40,820,13:00-15:00,0,13:27,807,-13,Urgent,Adult,Follow-up,Post-op Follow-up,Low,General,7.2,20.5
P00306,2026-05-11,Monday,Clinic B,13:50,830,13:00-15:00,0,13:57,837,7,Routine,Senior,New,General Review,Low,General,8.5,13.4
P00307,2026-05-11,Monday,Clinic A,14:00,840,13:00-15:00,0,13:49,829,-11,Urgent,Adult,Follow-up,Post-op Follow-up,High,General,8.0,21.3
P00308,2026-05-11,Monday,Clinic A,14:10,850,13:00-15:00,1,,,,Routine,Senior,Follow-up,Post-op Follow-up,Medium,General,,
P00309,2026-05-11,Monday,Clinic A,14:20,860,13:00-15:00,0,14:18,858,-2,Routine,Senior,Follow-up,General Review,Medium,General,6.7,15.5
P00310,2026-05-11,Monday,Clinic B,14:30,870,13:00-15:00,0,14:26,866,-4,Routine,Adult,Follow-up,General Review,Low,General,8.1,15.1
P00311,2026-05-11,Monday,Clinic B,14:40,880,13:00-15:00,0,14:30,870,-10,Routine,Adult,New,Post-op Follow-up,Low,General,5.1,19.3
P00312,2026-05-11,Monday,Clinic A,14:50,890,13:00-15:00,0,15:12,912,22,Routine,Senior,Follow-up,General Review,Medium,General,6.5,15.7
P00313,2026-05-11,Monday,Clinic A,15:00,900,15:00-17:00,0,14:54,894,-6,Urgent,Adult,Follow-up,General Review,Medium,General,6.9,15.6
P00314,2026-05-11,Monday,Clinic A,15:10,910,15:00-17:00,1,,,,Routine,Adult,Follow-up,Post-op Follow-up,Low,General,,
P00315,2026-05-11,Monday,Clinic A,15:20,920,15:00-17:00,0,15:17,917,-3,Routine,Adult,Follow-up,Post-op Follow-up,Low,General,3.7,19.9
P00316,2026-05-11,Monday,Clinic A,15:30,930,15:00-17:00,0,15:14,914,-16,Routine,Adult,Follow-up,Post-op Follow-up,Low,General,5.8,15.1
P00317,2026-05-11,Monday,Clinic B,15:40,940,15:00-17:00,0,15:31,931,-9,Routine,Senior,New,General Review,High,General,7.6,18.5
P00318,2026-05-11,Monday,Clinic A,15:50,950,15:00-17:00,0,15:47,947,-3,Routine,Adult,Follow-up,General Review,Medium,General,4.6,17.2
P00319,2026-05-11,Monday,Clinic A,16:00,960,15:00-17:00,0,16:05,965,5,Routine,Senior,Follow-up,Post-op Follow-up,Low,General,6.2,20.1
P00320,2026-05-11,Monday,Clinic A,16:10,970,15:00-17:00,0,16:08,968,-2,Routine,Adult,Follow-up,Post-op Follow-up,Low,General,6.8,21.4
P00321,2026-05-11,Monday,Clinic A,16:20,980,15:00-17:00,0,16:17,977,-3,Routine,Adult,Follow-up,Physiotherapy Review,Low,Rehab,7.2,24.4
P00322,2026-05-11,Monday,Clinic B,16:30,990,15:00-17:00,0,16:19,979,-11,Routine,Adult,New,Post-op Follow-up,Medium,General,6.3,19.6
P00323,2026-05-11,Monday,Clinic B,16:40,1000,15:00-17:00,0,16:30,990,-10,Routine,Adult,Follow-up,Physiotherapy Review,Low,Rehab,5.2,29.4
P00324,2026-05-11,Monday,Clinic B,16:50,1010,15:00-17:00,0,16:45,1005,-5,Routine,Senior,Follow-up,General Review,Low,General,7.8,13.8
P00325,2026-05-12,Tuesday,Clinic B,08:00,480,08:00-10:00,0,07:53,473,-7,Routine,Adult,Follow-up,Post-op Follow-up,Low,General,5.7,20.9
P00326,2026-05-12,Tuesday,Clinic A,08:08,488,08:00-10:00,0,08:00,480,-8,Routine,Adult,Follow-up,Physiotherapy Review,High,Rehab,4.4,33.5
P00327,2026-05-12,Tuesday,Clinic A,08:16,496,08:00-10:00,0,08:03,483,-13,Routine,Senior,Follow-up,Post-op Follow-up,Medium,General,6.4,19.0
P00328,2026-05-12,Tuesday,Clinic A,08:24,504,08:00-10:00,0,08:24,504,0,Routine,Adult,Follow-up,Physiotherapy Review,Low,Rehab,6.3,29.6
P00329,2026-05-12,Tuesday,Clinic A,08:32,512,08:00-10:00,0,08:27,507,-5,Routine,Adult,Follow-up,Post-op Follow-up,Low,General,5.7,17.3
P00330,2026-05-12,Tuesday,Clinic A,08:40,520,08:00-10:00,0,08:35,515,-5,Routine,Adult,Follow-up,General Review,High,General,4.7,15.4
P00331,2026-05-12,Tuesday,Clinic A,08:48,528,08:00-10:00,0,08:40,520,-8,Routine,Senior,Follow-up,Physiotherapy Review,Low,Rehab,9.1,30.3
P00332,2026-05-12,Tuesday,Clinic A,08:56,536,08:00-10:00,0,08:56,536,0,Routine,Adult,Follow-up,Physiotherapy Review,Low,Rehab,5.2,29.0
P00333,2026-05-12,Tuesday,Clinic A,09:04,544,08:00-10:00,0,08:57,537,-7,Routine,Senior,Follow-up,Complex Care Review,Low,Complex,5.5,32.3
P00334,2026-05-12,Tuesday,Clinic A,09:12,552,08:00-10:00,1,,,,Routine,Adult,Follow-up,Post-op Follow-up,Low,General,,
P00335,2026-05-12,Tuesday,Clinic A,09:20,560,08:00-10:00,0,09:21,561,1,Routine,Adult,Follow-up,General Review,Low,General,5.2,13.8
P00336,2026-05-12,Tuesday,Clinic A,09:28,568,08:00-10:00,0,09:25,565,-3,Routine,Adult,Follow-up,Physiotherapy Review,Medium,Rehab,6.8,31.2
P00337,2026-05-12,Tuesday,Clinic A,09:36,576,08:00-10:00,1,,,,Routine,Adult,Follow-up,General Review,High,General,,
P00338,2026-05-12,Tuesday,Clinic B,09:44,584,08:00-10:00,0,09:44,584,0,Routine,Adult,Follow-up,General Review,Low,General,4.1,15.1
P00339,2026-05-12,Tuesday,Clinic B,09:52,592,08:00-10:00,0,09:47,587,-5,Routine,Adult,Follow-up,Physiotherapy Review,Low,Rehab,5.8,27.9
P00340,2026-05-12,Tuesday,Clinic B,10:00,600,10:00-12:00,0,09:51,591,-9,Routine,Adult,New,General Review,Medium,General,5.4,19.1
P00341,2026-05-12,Tuesday,Clinic A,10:08,608,10:00-12:00,0,10:01,601,-7,Routine,Adult,Follow-up,Post-op Follow-up,High,General,6.1,26.5
P00342,2026-05-12,Tuesday,Clinic B,10:16,616,10:00-12:00,0,10:14,614,-2,Routine,Adult,New,Complex Care Review,Medium,Complex,4.2,32.8
P00343,2026-05-12,Tuesday,Clinic B,10:24,624,10:00-12:00,0,10:13,613,-11,Routine,Adult,New,General Review,High,General,5.6,20.7
P00344,2026-05-12,Tuesday,Clinic A,10:32,632,10:00-12:00,0,10:51,651,19,Routine,Adult,New,General Review,Medium,General,4.4,11.8
P00345,2026-05-12,Tuesday,Clinic A,10:40,640,10:00-12:00,0,10:34,634,-6,Urgent,Adult,Follow-up,Physiotherapy Review,Medium,Rehab,7.1,36.9
P00346,2026-05-12,Tuesday,Clinic A,10:48,648,10:00-12:00,0,10:48,648,0,Routine,Adult,Follow-up,Post-op Follow-up,Low,General,3.4,19.6
P00347,2026-05-12,Tuesday,Clinic B,10:56,656,10:00-12:00,0,11:03,663,7,Routine,Senior,Follow-up,Post-op Follow-up,Medium,General,8.2,23.5
P00348,2026-05-12,Tuesday,Clinic A,11:04,664,10:00-12:00,0,10:57,657,-7,Routine,Senior,New,General Review,Medium,General,7.3,17.0
P00349,2026-05-12,Tuesday,Clinic A,11:12,672,10:00-12:00,0,11:08,668,-4,Routine,Adult,New,Post-op Follow-up,Low,General,5.4,19.2
P00350,2026-05-12,Tuesday,Clinic A,11:20,680,10:00-12:00,0,11:11,671,-9,Urgent,Senior,Follow-up,General Review,Low,General,6.5,11.6
P00351,2026-05-12,Tuesday,Clinic A,11:28,688,10:00-12:00,0,11:22,682,-6,Routine,Adult,Follow-up,General Review,Low,General,4.8,13.5
P00352,2026-05-12,Tuesday,Clinic A,11:36,696,10:00-12:00,0,11:36,696,0,Routine,Senior,Follow-up,General Review,Low,General,9.1,17.6
P00353,2026-05-12,Tuesday,Clinic A,11:44,704,10:00-12:00,0,11:30,690,-14,Routine,Senior,Follow-up,Post-op Follow-up,Low,General,8.1,19.8
P00354,2026-05-12,Tuesday,Clinic A,11:52,712,10:00-12:00,0,11:43,703,-9,Routine,Senior,New,General Review,Medium,General,5.1,15.4
P00355,2026-05-12,Tuesday,Clinic A,13:00,780,13:00-15:00,0,12:55,775,-5,Routine,Senior,Follow-up,Post-op Follow-up,Low,General,7.3,23.6
P00356,2026-05-12,Tuesday,Clinic A,13:10,790,13:00-15:00,0,13:18,798,8,Routine,Adult,Follow-up,General Review,Low,General,6.1,13.3
P00357,2026-05-12,Tuesday,Clinic A,13:20,800,13:00-15:00,0,13:03,783,-17,Routine,Adult,Follow-up,General Review,Low,General,5.7,14.0
P00358,2026-05-12,Tuesday,Clinic A,13:30,810,13:00-15:00,0,13:22,802,-8,Urgent,Senior,New,Post-op Follow-up,Medium,General,8.4,24.4
P00359,2026-05-12,Tuesday,Clinic B,13:40,820,13:00-15:00,0,13:36,816,-4,Routine,Adult,Follow-up,General Review,Low,General,4.5,14.8
P00360,2026-05-12,Tuesday,Clinic B,13:50,830,13:00-15:00,0,13:57,837,7,Routine,Senior,New,General Review,Low,General,5.0,11.9
P00361,2026-05-12,Tuesday,Clinic A,14:00,840,13:00-15:00,0,14:12,852,12,Routine,Adult,New,General Review,Medium,General,6.4,12.1
P00362,2026-05-12,Tuesday,Clinic B,14:10,850,13:00-15:00,0,14:09,849,-1,Routine,Senior,Follow-up,Post-op Follow-up,Low,General,7.4,20.2
P00363,2026-05-12,Tuesday,Clinic A,14:20,860,13:00-15:00,0,14:19,859,-1,Routine,Adult,New,General Review,Medium,General,4.5,16.1
P00364,2026-05-12,Tuesday,Clinic A,14:30,870,13:00-15:00,0,14:25,865,-5,Routine,Senior,Follow-up,Physiotherapy Review,Medium,Rehab,5.8,29.2
P00365,2026-05-12,Tuesday,Clinic A,14:40,880,13:00-15:00,0,14:35,875,-5,Urgent,Senior,Follow-up,Complex Care Review,Medium,Complex,8.8,37.8
P00366,2026-05-12,Tuesday,Clinic A,14:50,890,13:00-15:00,0,14:42,882,-8,Urgent,Adult,Follow-up,Post-op Follow-up,Low,General,6.1,17.5
P00367,2026-05-12,Tuesday,Clinic A,15:00,900,15:00-17:00,0,14:58,898,-2,Routine,Adult,Follow-up,Complex Care Review,High,Complex,4.1,40.3
P00368,2026-05-12,Tuesday,Clinic A,15:10,910,15:00-17:00,0,15:00,900,-10,Routine,Adult,New,General Review,Medium,General,5.0,15.1
P00369,2026-05-12,Tuesday,Clinic B,15:20,920,15:00-17:00,0,15:19,919,-1,Routine,Senior,Follow-up,General Review,Low,General,8.6,16.0
P00370,2026-05-12,Tuesday,Clinic B,15:30,930,15:00-17:00,0,15:17,917,-13,Routine,Senior,Follow-up,Physiotherapy Review,Medium,Rehab,5.1,27.1
P00371,2026-05-12,Tuesday,Clinic A,15:40,940,15:00-17:00,0,15:28,928,-12,Urgent,Senior,Follow-up,Post-op Follow-up,High,General,7.7,27.0
P00372,2026-05-12,Tuesday,Clinic A,15:50,950,15:00-17:00,0,15:43,943,-7,Routine,Adult,New,General Review,Medium,General,5.8,16.4
P00373,2026-05-12,Tuesday,Clinic A,16:00,960,15:00-17:00,0,15:50,950,-10,Routine,Adult,Follow-up,General Review,Medium,General,4.5,14.7
P00374,2026-05-12,Tuesday,Clinic A,16:10,970,15:00-17:00,0,16:18,978,8,Routine,Adult,Follow-up,Physiotherapy Review,Medium,Rehab,6.3,25.4
P00375,2026-05-12,Tuesday,Clinic A,16:20,980,15:00-17:00,1,,,,Routine,Adult,Follow-up,Physiotherapy Review,Medium,Rehab,,
P00376,2026-05-12,Tuesday,Clinic B,16:30,990,15:00-17:00,0,16:21,981,-9,Routine,Adult,Follow-up,Post-op Follow-up,Medium,General,5.7,23.2
P00377,2026-05-12,Tuesday,Clinic B,16:40,1000,15:00-17:00,0,16:32,992,-8,Routine,Adult,New,Complex Care Review,Low,Complex,4.8,34.1
P00378,2026-05-12,Tuesday,Clinic B,16:50,1010,15:00-17:00,0,17:03,1023,13,Urgent,Adult,Follow-up,Post-op Follow-up,Low,General,7.1,22.6
P00379,2026-05-13,Wednesday,Clinic A,08:00,480,08:00-10:00,0,07:48,468,-12,Routine,Adult,Follow-up,Post-op Follow-up,High,General,4.3,32.9
P00380,2026-05-13,Wednesday,Clinic B,08:08,488,08:00-10:00,0,08:08,488,0,Routine,Adult,Follow-up,General Review,High,General,6.4,20.2
P00381,2026-05-13,Wednesday,Clinic A,08:16,496,08:00-10:00,0,08:09,489,-7,Urgent,Adult,Follow-up,Complex Care Review,High,Complex,6.1,49.2
P00382,2026-05-13,Wednesday,Clinic B,08:24,504,08:00-10:00,0,08:21,501,-3,Routine,Adult,Follow-up,General Review,Low,General,5.1,15.8
P00383,2026-05-13,Wednesday,Clinic B,08:32,512,08:00-10:00,0,08:21,501,-11,Routine,Adult,Follow-up,General Review,Low,General,8.5,15.2
P00384,2026-05-13,Wednesday,Clinic A,08:40,520,08:00-10:00,1,,,,Urgent,Adult,Follow-up,Complex Care Review,High,Complex,,
P00385,2026-05-13,Wednesday,Clinic A,08:48,528,08:00-10:00,0,08:32,512,-16,Routine,Adult,Follow-up,Physiotherapy Review,Low,Rehab,5.6,30.8
P00386,2026-05-13,Wednesday,Clinic B,08:56,536,08:00-10:00,0,08:50,530,-6,Routine,Adult,Follow-up,Physiotherapy Review,High,Rehab,5.7,34.0
P00387,2026-05-13,Wednesday,Clinic A,09:04,544,08:00-10:00,1,,,,Routine,Senior,Follow-up,General Review,Low,General,,
P00388,2026-05-13,Wednesday,Clinic B,09:12,552,08:00-10:00,0,09:22,562,10,Routine,Senior,New,General Review,Low,General,9.3,12.1
P00389,2026-05-13,Wednesday,Clinic B,09:20,560,08:00-10:00,0,09:09,549,-11,Routine,Adult,Follow-up,Post-op Follow-up,Low,General,7.5,21.5
P00390,2026-05-13,Wednesday,Clinic A,09:28,568,08:00-10:00,0,09:33,573,5,Routine,Adult,Follow-up,Post-op Follow-up,Medium,General,7.9,20.1
P00391,2026-05-13,Wednesday,Clinic A,09:36,576,08:00-10:00,0,09:31,571,-5,Routine,Adult,Follow-up,Post-op Follow-up,High,General,4.9,26.3
P00392,2026-05-13,Wednesday,Clinic A,09:44,584,08:00-10:00,0,09:49,589,5,Routine,Adult,Follow-up,General Review,Low,General,3.3,16.1
P00393,2026-05-13,Wednesday,Clinic B,09:52,592,08:00-10:00,0,09:46,586,-6,Routine,Adult,Follow-up,General Review,Medium,General,5.7,16.0
P00394,2026-05-13,Wednesday,Clinic A,10:00,600,10:00-12:00,0,09:44,584,-16,Routine,Adult,Follow-up,Physiotherapy Review,Medium,Rehab,5.3,25.6
P00395,2026-05-13,Wednesday,Clinic A,10:08,608,10:00-12:00,0,10:03,603,-5,Routine,Adult,Follow-up,Physiotherapy Review,Low,Rehab,4.9,25.3
P00396,2026-05-13,Wednesday,Clinic A,10:16,616,10:00-12:00,0,10:25,625,9,Routine,Senior,Follow-up,Post-op Follow-up,Low,General,7.2,20.2
P00397,2026-05-13,Wednesday,Clinic A,10:24,624,10:00-12:00,0,10:20,620,-4,Routine,Senior,Follow-up,Complex Care Review,Medium,Complex,6.9,40.0
P00398,2026-05-13,Wednesday,Clinic B,10:32,632,10:00-12:00,0,10:43,643,11,Routine,Adult,Follow-up,Post-op Follow-up,Medium,General,8.3,14.6
P00399,2026-05-13,Wednesday,Clinic B,10:40,640,10:00-12:00,0,10:57,657,17,Urgent,Adult,Follow-up,Physiotherapy Review,Low,Rehab,4.2,28.5
P00400,2026-05-13,Wednesday,Clinic A,10:48,648,10:00-12:00,0,10:40,640,-8,Routine,Senior,Follow-up,General Review,Low,General,5.4,13.3
P00401,2026-05-13,Wednesday,Clinic A,10:56,656,10:00-12:00,0,10:54,654,-2,Routine,Senior,Follow-up,Post-op Follow-up,Medium,General,7.8,23.8
P00402,2026-05-13,Wednesday,Clinic A,11:04,664,10:00-12:00,0,10:55,655,-9,Routine,Senior,Follow-up,Post-op Follow-up,Medium,General,9.1,17.6
P00403,2026-05-13,Wednesday,Clinic A,11:12,672,10:00-12:00,0,11:07,667,-5,Routine,Senior,Follow-up,General Review,High,General,4.7,16.8
P00404,2026-05-13,Wednesday,Clinic A,11:20,680,10:00-12:00,0,11:10,670,-10,Routine,Senior,Follow-up,General Review,Medium,General,4.8,14.6
P00405,2026-05-13,Wednesday,Clinic B,11:28,688,10:00-12:00,0,11:23,683,-5,Routine,Senior,Follow-up,Physiotherapy Review,High,Rehab,5.8,33.8
P00406,2026-05-13,Wednesday,Clinic A,11:36,696,10:00-12:00,0,11:55,715,19,Routine,Adult,New,Post-op Follow-up,Low,General,6.1,18.3
P00407,2026-05-13,Wednesday,Clinic A,11:44,704,10:00-12:00,0,11:44,704,0,Routine,Adult,Follow-up,General Review,Low,General,4.3,13.0
P00408,2026-05-13,Wednesday,Clinic A,11:52,712,10:00-12:00,1,,,,Routine,Adult,Follow-up,Post-op Follow-up,Low,General,,
P00409,2026-05-13,Wednesday,Clinic A,13:00,780,13:00-15:00,0,12:50,770,-10,Routine,Adult,New,General Review,Low,General,6.2,11.8
P00410,2026-05-13,Wednesday,Clinic B,13:10,790,13:00-15:00,1,,,,Routine,Adult,Follow-up,General Review,Medium,General,,
P00411,2026-05-13,Wednesday,Clinic A,13:20,800,13:00-15:00,0,13:19,799,-1,Routine,Senior,Follow-up,Post-op Follow-up,Medium,General,6.0,24.6
P00412,2026-05-13,Wednesday,Clinic B,13:30,810,13:00-15:00,0,13:27,807,-3,Routine,Senior,Follow-up,Post-op Follow-up,Low,General,6.7,20.5
P00413,2026-05-13,Wednesday,Clinic B,13:40,820,13:00-15:00,0,13:34,814,-6,Routine,Adult,New,General Review,Low,General,5.9,12.0
P00414,2026-05-13,Wednesday,Clinic A,13:50,830,13:00-15:00,1,,,,Routine,Adult,Follow-up,Physiotherapy Review,Low,Rehab,,
P00415,2026-05-13,Wednesday,Clinic A,14:00,840,13:00-15:00,0,13:56,836,-4,Urgent,Adult,Follow-up,Post-op Follow-up,Low,General,7.9,24.2
P00416,2026-05-13,Wednesday,Clinic A,14:10,850,13:00-15:00,0,13:56,836,-14,Routine,Adult,Follow-up,Complex Care Review,Medium,Complex,6.9,34.6
P00417,2026-05-13,Wednesday,Clinic B,14:20,860,13:00-15:00,1,,,,Routine,Adult,Follow-up,General Review,Medium,General,,
P00418,2026-05-13,Wednesday,Clinic A,14:30,870,13:00-15:00,1,,,,Urgent,Adult,New,Physiotherapy Review,High,Rehab,,
P00419,2026-05-13,Wednesday,Clinic B,14:40,880,13:00-15:00,0,14:33,873,-7,Routine,Adult,Follow-up,Post-op Follow-up,Medium,General,4.9,24.9
P00420,2026-05-13,Wednesday,Clinic A,14:50,890,13:00-15:00,0,14:36,876,-14,Urgent,Adult,Follow-up,General Review,Low,General,6.3,17.5
P00421,2026-05-13,Wednesday,Clinic A,15:00,900,15:00-17:00,0,15:00,900,0,Routine,Adult,Follow-up,General Review,Low,General,5.7,14.7
P00422,2026-05-13,Wednesday,Clinic A,15:10,910,15:00-17:00,0,15:19,919,9,Routine,Senior,Follow-up,Complex Care Review,Low,Complex,4.5,37.2
P00423,2026-05-13,Wednesday,Clinic B,15:20,920,15:00-17:00,0,15:23,923,3,Routine,Adult,Follow-up,General Review,Low,General,5.3,12.4
P00424,2026-05-13,Wednesday,Clinic A,15:30,930,15:00-17:00,0,15:23,923,-7,Routine,Adult,Follow-up,General Review,Medium,General,5.5,14.9
P00425,2026-05-13,Wednesday,Clinic B,15:40,940,15:00-17:00,0,15:35,935,-5,Routine,Senior,New,Post-op Follow-up,Medium,General,10.3,23.1
P00426,2026-05-13,Wednesday,Clinic A,15:50,950,15:00-17:00,1,,,,Routine,Senior,Follow-up,Physiotherapy Review,Low,Rehab,,
P00427,2026-05-13,Wednesday,Clinic A,16:00,960,15:00-17:00,0,15:51,951,-9,Routine,Adult,Follow-up,General Review,Medium,General,6.5,15.7
P00428,2026-05-13,Wednesday,Clinic A,16:10,970,15:00-17:00,0,15:54,954,-16,Routine,Adult,New,Complex Care Review,Medium,Complex,4.4,31.4
P00429,2026-05-13,Wednesday,Clinic A,16:20,980,15:00-17:00,0,16:11,971,-9,Routine,Adult,New,General Review,High,General,7.2,12.5
P00430,2026-05-13,Wednesday,Clinic B,16:30,990,15:00-17:00,0,16:18,978,-12,Routine,Senior,Follow-up,Post-op Follow-up,Low,General,8.2,16.3
P00431,2026-05-13,Wednesday,Clinic B,16:40,1000,15:00-17:00,0,16:28,988,-12,Urgent,Adult,Follow-up,Post-op Follow-up,Medium,General,6.2,23.8
P00432,2026-05-13,Wednesday,Clinic A,16:50,1010,15:00-17:00,1,,,,Routine,Senior,Follow-up,General Review,Low,General,,
P00433,2026-05-14,Thursday,Clinic B,08:00,480,08:00-10:00,0,08:04,484,4,Routine,Senior,Follow-up,Complex Care Review,Medium,Complex,6.0,32.4
P00434,2026-05-14,Thursday,Clinic B,08:08,488,08:00-10:00,0,08:10,490,2,Routine,Adult,Follow-up,Physiotherapy Review,Low,Rehab,7.6,24.3
P00435,2026-05-14,Thursday,Clinic A,08:16,496,08:00-10:00,0,08:14,494,-2,Routine,Senior,Follow-up,General Review,Low,General,5.8,12.9
P00436,2026-05-14,Thursday,Clinic A,08:24,504,08:00-10:00,0,08:24,504,0,Routine,Adult,Follow-up,Post-op Follow-up,Medium,General,6.1,25.3
P00437,2026-05-14,Thursday,Clinic B,08:32,512,08:00-10:00,0,08:43,523,11,Routine,Adult,Follow-up,General Review,High,General,6.2,16.7
P00438,2026-05-14,Thursday,Clinic B,08:40,520,08:00-10:00,0,08:34,514,-6,Routine,Senior,Follow-up,Complex Care Review,Low,Complex,6.2,41.8
P00439,2026-05-14,Thursday,Clinic B,08:48,528,08:00-10:00,0,08:43,523,-5,Routine,Adult,Follow-up,Complex Care Review,Medium,Complex,4.0,39.9
P00440,2026-05-14,Thursday,Clinic B,08:56,536,08:00-10:00,0,08:54,534,-2,Routine,Adult,New,Post-op Follow-up,Low,General,7.4,20.3
P00441,2026-05-14,Thursday,Clinic A,09:04,544,08:00-10:00,0,09:16,556,12,Routine,Senior,Follow-up,Physiotherapy Review,Low,Rehab,5.2,24.7
P00442,2026-05-14,Thursday,Clinic A,09:12,552,08:00-10:00,0,09:05,545,-7,Routine,Senior,New,Complex Care Review,Low,Complex,8.3,34.1
P00443,2026-05-14,Thursday,Clinic A,09:20,560,08:00-10:00,0,09:08,548,-12,Urgent,Adult,Follow-up,Post-op Follow-up,Low,General,8.2,22.2
P00444,2026-05-14,Thursday,Clinic A,09:28,568,08:00-10:00,0,09:36,576,8,Routine,Adult,Follow-up,Physiotherapy Review,Low,Rehab,5.5,29.6
P00445,2026-05-14,Thursday,Clinic A,09:36,576,08:00-10:00,0,09:29,569,-7,Urgent,Adult,Follow-up,Physiotherapy Review,Medium,Rehab,6.0,37.7
P00446,2026-05-14,Thursday,Clinic A,09:44,584,08:00-10:00,0,09:49,589,5,Routine,Adult,Follow-up,General Review,Medium,General,4.1,17.4
P00447,2026-05-14,Thursday,Clinic A,09:52,592,08:00-10:00,0,10:02,602,10,Routine,Senior,Follow-up,General Review,Low,General,8.5,14.9
P00448,2026-05-14,Thursday,Clinic A,10:00,600,10:00-12:00,0,09:55,595,-5,Urgent,Adult,New,General Review,Medium,General,9.3,17.3
P00449,2026-05-14,Thursday,Clinic B,10:08,608,10:00-12:00,0,10:19,619,11,Routine,Adult,New,General Review,Medium,General,6.1,13.6
P00450,2026-05-14,Thursday,Clinic A,10:16,616,10:00-12:00,0,10:18,618,2,Routine,Adult,Follow-up,Post-op Follow-up,Medium,General,5.3,20.8
P00451,2026-05-14,Thursday,Clinic B,10:24,624,10:00-12:00,0,10:38,638,14,Routine,Adult,New,Complex Care Review,Medium,Complex,6.4,37.7
P00452,2026-05-14,Thursday,Clinic A,10:32,632,10:00-12:00,0,10:24,624,-8,Routine,Senior,Follow-up,Physiotherapy Review,Low,Rehab,5.8,26.4
P00453,2026-05-14,Thursday,Clinic B,10:40,640,10:00-12:00,0,10:59,659,19,Routine,Senior,Follow-up,Post-op Follow-up,Low,General,5.2,20.7
P00454,2026-05-14,Thursday,Clinic B,10:48,648,10:00-12:00,1,,,,Urgent,Adult,Follow-up,General Review,Low,General,,
P00455,2026-05-14,Thursday,Clinic B,10:56,656,10:00-12:00,0,10:52,652,-4,Routine,Senior,New,Post-op Follow-up,High,General,7.5,26.4
P00456,2026-05-14,Thursday,Clinic A,11:04,664,10:00-12:00,0,11:01,661,-3,Routine,Senior,Follow-up,General Review,Medium,General,6.3,17.6
P00457,2026-05-14,Thursday,Clinic A,11:12,672,10:00-12:00,0,10:56,656,-16,Routine,Senior,Follow-up,Post-op Follow-up,Medium,General,6.3,24.0
P00458,2026-05-14,Thursday,Clinic B,11:20,680,10:00-12:00,0,11:16,676,-4,Routine,Senior,Follow-up,General Review,Low,General,4.7,15.3
P00459,2026-05-14,Thursday,Clinic B,11:28,688,10:00-12:00,0,11:26,686,-2,Routine,Senior,New,General Review,Medium,General,5.5,14.4
P00460,2026-05-14,Thursday,Clinic B,11:36,696,10:00-12:00,0,11:34,694,-2,Routine,Senior,New,Physiotherapy Review,High,Rehab,8.0,26.9
P00461,2026-05-14,Thursday,Clinic A,11:44,704,10:00-12:00,0,11:33,693,-11,Routine,Adult,Follow-up,Post-op Follow-up,Medium,General,4.2,22.1
P00462,2026-05-14,Thursday,Clinic A,11:52,712,10:00-12:00,0,11:41,701,-11,Routine,Adult,Follow-up,Physiotherapy Review,Low,Rehab,3.9,25.1
P00463,2026-05-14,Thursday,Clinic B,13:00,780,13:00-15:00,0,12:47,767,-13,Routine,Adult,Follow-up,Post-op Follow-up,Medium,General,7.9,24.7
P00464,2026-05-14,Thursday,Clinic B,13:10,790,13:00-15:00,1,,,,Routine,Senior,Follow-up,Physiotherapy Review,Low,Rehab,,
P00465,2026-05-14,Thursday,Clinic B,13:20,800,13:00-15:00,1,,,,Routine,Senior,Follow-up,General Review,Medium,General,,
P00466,2026-05-14,Thursday,Clinic A,13:30,810,13:00-15:00,0,13:25,805,-5,Routine,Adult,Follow-up,General Review,Low,General,7.2,12.7
P00467,2026-05-14,Thursday,Clinic B,13:40,820,13:00-15:00,0,13:33,813,-7,Routine,Adult,Follow-up,General Review,Low,General,5.4,13.1
P00468,2026-05-14,Thursday,Clinic A,13:50,830,13:00-15:00,0,13:39,819,-11,Routine,Senior,New,General Review,High,General,6.1,21.2
P00469,2026-05-14,Thursday,Clinic A,14:00,840,13:00-15:00,0,13:59,839,-1,Routine,Adult,New,Post-op Follow-up,Low,General,4.2,18.0
P00470,2026-05-14,Thursday,Clinic A,14:10,850,13:00-15:00,0,13:54,834,-16,Routine,Adult,New,General Review,Low,General,7.6,13.6
P00471,2026-05-14,Thursday,Clinic B,14:20,860,13:00-15:00,0,14:30,870,10,Routine,Senior,Follow-up,General Review,Medium,General,6.4,19.1
P00472,2026-05-14,Thursday,Clinic A,14:30,870,13:00-15:00,0,14:41,881,11,Routine,Senior,Follow-up,Complex Care Review,Medium,Complex,6.7,37.7
P00473,2026-05-14,Thursday,Clinic A,14:40,880,13:00-15:00,0,14:44,884,4,Routine,Senior,Follow-up,Post-op Follow-up,Low,General,6.8,20.5
P00474,2026-05-14,Thursday,Clinic B,14:50,890,13:00-15:00,1,,,,Routine,Adult,Follow-up,Post-op Follow-up,Low,General,,
P00475,2026-05-14,Thursday,Clinic B,15:00,900,15:00-17:00,0,15:17,917,17,Routine,Adult,Follow-up,General Review,Low,General,4.0,15.0
P00476,2026-05-14,Thursday,Clinic A,15:10,910,15:00-17:00,0,15:08,908,-2,Routine,Adult,Follow-up,General Review,High,General,5.9,13.9
P00477,2026-05-14,Thursday,Clinic B,15:20,920,15:00-17:00,0,15:23,923,3,Urgent,Adult,Follow-up,General Review,Medium,General,6.6,18.1
P00478,2026-05-14,Thursday,Clinic A,15:30,930,15:00-17:00,0,15:25,925,-5,Routine,Adult,Follow-up,General Review,Medium,General,3.6,10.8
P00479,2026-05-14,Thursday,Clinic A,15:40,940,15:00-17:00,0,15:34,934,-6,Urgent,Adult,Follow-up,Post-op Follow-up,Low,General,5.1,25.9
P00480,2026-05-14,Thursday,Clinic A,15:50,950,15:00-17:00,0,15:45,945,-5,Routine,Senior,New,Physiotherapy Review,Low,Rehab,7.6,22.9
P00481,2026-05-14,Thursday,Clinic A,16:00,960,15:00-17:00,1,,,,Urgent,Adult,Follow-up,General Review,Low,General,,
P00482,2026-05-14,Thursday,Clinic A,16:10,970,15:00-17:00,0,16:01,961,-9,Urgent,Senior,New,Post-op Follow-up,Medium,General,9.7,26.6
P00483,2026-05-14,Thursday,Clinic A,16:20,980,15:00-17:00,0,16:06,966,-14,Routine,Adult,Follow-up,Post-op Follow-up,Low,General,5.0,22.7
P00484,2026-05-14,Thursday,Clinic B,16:30,990,15:00-17:00,1,,,,Routine,Senior,Follow-up,General Review,Low,General,,
P00485,2026-05-14,Thursday,Clinic B,16:40,1000,15:00-17:00,0,16:35,995,-5,Routine,Adult,Follow-up,Physiotherapy Review,Low,Rehab,5.5,24.7
P00486,2026-05-14,Thursday,Clinic B,16:50,1010,15:00-17:00,0,16:50,1010,0,Routine,Senior,New,Post-op Follow-up,Low,General,6.4,16.9
P00487,2026-05-15,Friday,Clinic B,08:00,480,08:00-10:00,0,07:49,469,-11,Routine,Senior,Follow-up,Physiotherapy Review,Medium,Rehab,7.0,25.7
P00488,2026-05-15,Friday,Clinic A,08:08,488,08:00-10:00,0,08:10,490,2,Routine,Senior,Follow-up,General Review,Low,General,6.8,13.4
P00489,2026-05-15,Friday,Clinic B,08:16,496,08:00-10:00,0,08:02,482,-14,Routine,Senior,Follow-up,Post-op Follow-up,Low,General,5.8,24.0
P00490,2026-05-15,Friday,Clinic B,08:24,504,08:00-10:00,0,08:24,504,0,Urgent,Adult,Follow-up,Physiotherapy Review,Low,Rehab,6.5,30.1
P00491,2026-05-15,Friday,Clinic A,08:32,512,08:00-10:00,0,08:34,514,2,Urgent,Adult,New,Physiotherapy Review,Low,Rehab,8.2,26.5
P00492,2026-05-15,Friday,Clinic B,08:40,520,08:00-10:00,0,08:38,518,-2,Routine,Senior,Follow-up,Post-op Follow-up,Medium,General,9.9,20.3
P00493,2026-05-15,Friday,Clinic A,08:48,528,08:00-10:00,0,08:42,522,-6,Urgent,Senior,Follow-up,General Review,Low,General,5.7,14.5
P00494,2026-05-15,Friday,Clinic A,08:56,536,08:00-10:00,0,08:52,532,-4,Routine,Adult,Follow-up,Post-op Follow-up,Low,General,5.7,21.6
P00495,2026-05-15,Friday,Clinic A,09:04,544,08:00-10:00,0,09:19,559,15,Urgent,Adult,Follow-up,Complex Care Review,Low,Complex,4.4,42.4
P00496,2026-05-15,Friday,Clinic A,09:12,552,08:00-10:00,0,09:21,561,9,Routine,Adult,Follow-up,General Review,Medium,General,5.7,15.2
P00497,2026-05-15,Friday,Clinic A,09:20,560,08:00-10:00,0,09:27,567,7,Routine,Senior,Follow-up,Post-op Follow-up,Medium,General,6.6,21.1
P00498,2026-05-15,Friday,Clinic A,09:28,568,08:00-10:00,0,09:24,564,-4,Routine,Adult,New,General Review,High,General,4.7,15.4
P00499,2026-05-15,Friday,Clinic A,09:36,576,08:00-10:00,0,09:23,563,-13,Routine,Senior,Follow-up,General Review,Low,General,5.8,13.9
P00500,2026-05-15,Friday,Clinic B,09:44,584,08:00-10:00,1,,,,Routine,Adult,Follow-up,General Review,Low,General,,
P00501,2026-05-15,Friday,Clinic B,09:52,592,08:00-10:00,0,09:51,591,-1,Routine,Senior,New,Post-op Follow-up,Low,General,8.8,22.0
P00502,2026-05-15,Friday,Clinic A,10:00,600,10:00-12:00,0,09:51,591,-9,Routine,Senior,Follow-up,Post-op Follow-up,Medium,General,6.8,21.6
P00503,2026-05-15,Friday,Clinic A,10:08,608,10:00-12:00,0,09:54,594,-14,Routine,Senior,Follow-up,Physiotherapy Review,Low,Rehab,6.0,28.1
P00504,2026-05-15,Friday,Clinic B,10:16,616,10:00-12:00,0,10:12,612,-4,Routine,Senior,Follow-up,Post-op Follow-up,Medium,General,6.2,24.4
P00505,2026-05-15,Friday,Clinic B,10:24,624,10:00-12:00,0,10:21,621,-3,Routine,Adult,Follow-up,General Review,Low,General,7.1,13.6
P00506,2026-05-15,Friday,Clinic A,10:32,632,10:00-12:00,0,10:28,628,-4,Routine,Adult,Follow-up,Physiotherapy Review,Low,Rehab,4.7,22.7
P00507,2026-05-15,Friday,Clinic B,10:40,640,10:00-12:00,1,,,,Routine,Senior,Follow-up,Physiotherapy Review,Medium,Rehab,,
P00508,2026-05-15,Friday,Clinic B,10:48,648,10:00-12:00,0,10:32,632,-16,Routine,Adult,New,Physiotherapy Review,Medium,Rehab,6.7,23.7
P00509,2026-05-15,Friday,Clinic B,10:56,656,10:00-12:00,0,10:41,641,-15,Urgent,Senior,Follow-up,Complex Care Review,Medium,Complex,9.3,40.8
P00510,2026-05-15,Friday,Clinic B,11:04,664,10:00-12:00,0,10:59,659,-5,Routine,Senior,Follow-up,Post-op Follow-up,Medium,General,8.2,24.0
P00511,2026-05-15,Friday,Clinic B,11:12,672,10:00-12:00,0,11:18,678,6,Routine,Adult,Follow-up,General Review,High,General,4.2,17.7
P00512,2026-05-15,Friday,Clinic B,11:20,680,10:00-12:00,0,11:18,678,-2,Routine,Adult,Follow-up,General Review,Low,General,3.6,15.1
P00513,2026-05-15,Friday,Clinic B,11:28,688,10:00-12:00,0,11:47,707,19,Routine,Adult,Follow-up,Post-op Follow-up,Low,General,6.3,19.7
P00514,2026-05-15,Friday,Clinic B,11:36,696,10:00-12:00,0,11:18,678,-18,Urgent,Adult,Follow-up,Complex Care Review,High,Complex,6.7,40.5
P00515,2026-05-15,Friday,Clinic B,11:44,704,10:00-12:00,0,11:42,702,-2,Routine,Adult,Follow-up,General Review,Medium,General,5.0,15.6
P00516,2026-05-15,Friday,Clinic B,11:52,712,10:00-12:00,0,11:59,719,7,Routine,Adult,Follow-up,General Review,Medium,General,6.6,15.3
P00517,2026-05-15,Friday,Clinic B,13:00,780,13:00-15:00,0,12:42,762,-18,Routine,Adult,Follow-up,General Review,Medium,General,6.6,15.2
P00518,2026-05-15,Friday,Clinic A,13:10,790,13:00-15:00,0,13:11,791,1,Urgent,Adult,Follow-up,Post-op Follow-up,Low,General,5.5,20.8
P00519,2026-05-15,Friday,Clinic A,13:20,800,13:00-15:00,0,13:15,795,-5,Routine,Adult,New,General Review,Medium,General,5.4,14.6
P00520,2026-05-15,Friday,Clinic A,13:30,810,13:00-15:00,1,,,,Routine,Senior,New,Post-op Follow-up,Low,General,,
P00521,2026-05-15,Friday,Clinic A,13:40,820,13:00-15:00,1,,,,Routine,Senior,Follow-up,Post-op Follow-up,High,General,,
P00522,2026-05-15,Friday,Clinic A,13:50,830,13:00-15:00,0,13:49,829,-1,Routine,Adult,New,General Review,Low,General,6.9,15.0
P00523,2026-05-15,Friday,Clinic A,14:00,840,13:00-15:00,0,13:58,838,-2,Urgent,Adult,Follow-up,General Review,Low,General,6.7,16.4
P00524,2026-05-15,Friday,Clinic A,14:10,850,13:00-15:00,0,13:59,839,-11,Routine,Adult,Follow-up,General Review,Medium,General,7.7,14.8
P00525,2026-05-15,Friday,Clinic B,14:20,860,13:00-15:00,0,14:18,858,-2,Routine,Adult,Follow-up,Post-op Follow-up,Low,General,6.2,16.8
P00526,2026-05-15,Friday,Clinic B,14:30,870,13:00-15:00,0,14:36,876,6,Routine,Adult,New,General Review,Low,General,5.3,12.9
P00527,2026-05-15,Friday,Clinic A,14:40,880,13:00-15:00,0,14:34,874,-6,Routine,Adult,Follow-up,Complex Care Review,Low,Complex,7.0,41.0
P00528,2026-05-15,Friday,Clinic B,14:50,890,13:00-15:00,0,14:38,878,-12,Routine,Adult,Follow-up,Physiotherapy Review,High,Rehab,5.3,27.0
P00529,2026-05-15,Friday,Clinic B,15:00,900,15:00-17:00,0,14:48,888,-12,Routine,Adult,Follow-up,Post-op Follow-up,High,General,5.8,22.6
P00530,2026-05-15,Friday,Clinic A,15:10,910,15:00-17:00,0,15:18,918,8,Routine,Senior,Follow-up,General Review,Medium,General,7.0,18.1
P00531,2026-05-15,Friday,Clinic B,15:20,920,15:00-17:00,0,15:39,939,19,Routine,Adult,Follow-up,General Review,Low,General,4.2,13.5
P00532,2026-05-15,Friday,Clinic A,15:30,930,15:00-17:00,0,15:38,938,8,Routine,Adult,Follow-up,General Review,Medium,General,6.1,13.6
P00533,2026-05-15,Friday,Clinic B,15:40,940,15:00-17:00,0,15:41,941,1,Urgent,Adult,Follow-up,Complex Care Review,Medium,Complex,6.5,46.6
P00534,2026-05-15,Friday,Clinic A,15:50,950,15:00-17:00,1,,,,Routine,Adult,New,General Review,Medium,General,,
P00535,2026-05-15,Friday,Clinic B,16:00,960,15:00-17:00,0,15:56,956,-4,Routine,Senior,Follow-up,Complex Care Review,Low,Complex,8.9,32.9
P00536,2026-05-15,Friday,Clinic B,16:10,970,15:00-17:00,1,,,,Routine,Adult,Follow-up,General Review,Low,General,,
P00537,2026-05-15,Friday,Clinic A,16:20,980,15:00-17:00,1,,,,Routine,Adult,New,General Review,Low,General,,
P00538,2026-05-15,Friday,Clinic A,16:30,990,15:00-17:00,0,16:26,986,-4,Urgent,Adult,New,Post-op Follow-up,Medium,General,5.7,24.3
P00539,2026-05-15,Friday,Clinic A,16:40,1000,15:00-17:00,0,16:33,993,-7,Routine,Adult,Follow-up,Post-op Follow-up,High,General,5.4,27.4
P00540,2026-05-15,Friday,Clinic A,16:50,1010,15:00-17:00,0,16:48,1008,-2,Routine,Senior,Follow-up,General Review,Low,General,6.8,13.2
P00541,2026-05-18,Monday,Clinic A,08:00,480,08:00-10:00,0,07:54,474,-6,Routine,Senior,Follow-up,General Review,Low,General,8.5,12.5
P00542,2026-05-18,Monday,Clinic B,08:08,488,08:00-10:00,0,07:53,473,-15,Routine,Senior,Follow-up,General Review,Medium,General,7.2,14.1
P00543,2026-05-18,Monday,Clinic A,08:16,496,08:00-10:00,0,08:12,492,-4,Routine,Senior,Follow-up,Post-op Follow-up,Medium,General,5.5,24.1
P00544,2026-05-18,Monday,Clinic A,08:24,504,08:00-10:00,0,08:25,505,1,Routine,Adult,New,General Review,Low,General,4.7,12.7
P00545,2026-05-18,Monday,Clinic B,08:32,512,08:00-10:00,0,08:28,508,-4,Routine,Adult,Follow-up,Physiotherapy Review,Low,Rehab,7.0,28.1
P00546,2026-05-18,Monday,Clinic A,08:40,520,08:00-10:00,0,08:38,518,-2,Routine,Senior,Follow-up,Physiotherapy Review,Low,Rehab,6.0,21.8
P00547,2026-05-18,Monday,Clinic A,08:48,528,08:00-10:00,0,08:39,519,-9,Routine,Senior,Follow-up,General Review,Low,General,8.8,11.0
P00548,2026-05-18,Monday,Clinic A,08:56,536,08:00-10:00,1,,,,Routine,Adult,Follow-up,General Review,Low,General,,
P00549,2026-05-18,Monday,Clinic B,09:04,544,08:00-10:00,0,09:21,561,17,Routine,Adult,Follow-up,General Review,Medium,General,7.7,14.8
P00550,2026-05-18,Monday,Clinic A,09:12,552,08:00-10:00,0,09:17,557,5,Routine,Senior,New,Post-op Follow-up,High,General,7.8,26.8
P00551,2026-05-18,Monday,Clinic B,09:20,560,08:00-10:00,0,09:14,554,-6,Routine,Adult,New,Physiotherapy Review,Medium,Rehab,5.3,28.8
P00552,2026-05-18,Monday,Clinic B,09:28,568,08:00-10:00,0,09:20,560,-8,Routine,Senior,Follow-up,Post-op Follow-up,Low,General,6.0,19.1
P00553,2026-05-18,Monday,Clinic A,09:36,576,08:00-10:00,0,09:29,569,-7,Routine,Senior,Follow-up,General Review,High,General,4.8,20.8
P00554,2026-05-18,Monday,Clinic B,09:44,584,08:00-10:00,0,09:46,586,2,Routine,Senior,Follow-up,General Review,Medium,General,5.3,16.6
P00555,2026-05-18,Monday,Clinic A,09:52,592,08:00-10:00,0,09:45,585,-7,Routine,Senior,Follow-up,Post-op Follow-up,Low,General,6.1,22.8
P00556,2026-05-18,Monday,Clinic B,10:00,600,10:00-12:00,0,09:49,589,-11,Routine,Senior,Follow-up,Post-op Follow-up,Medium,General,6.0,18.7
P00557,2026-05-18,Monday,Clinic A,10:08,608,10:00-12:00,0,10:05,605,-3,Urgent,Adult,Follow-up,General Review,Low,General,7.3,12.8
P00558,2026-05-18,Monday,Clinic B,10:16,616,10:00-12:00,0,10:14,614,-2,Urgent,Adult,Follow-up,Physiotherapy Review,Low,Rehab,5.6,29.8
P00559,2026-05-18,Monday,Clinic B,10:24,624,10:00-12:00,0,10:18,618,-6,Routine,Adult,Follow-up,Complex Care Review,High,Complex,5.7,43.4
P00560,2026-05-18,Monday,Clinic A,10:32,632,10:00-12:00,0,10:29,629,-3,Routine,Adult,Follow-up,Post-op Follow-up,Medium,General,6.9,19.3
P00561,2026-05-18,Monday,Clinic A,10:40,640,10:00-12:00,0,10:26,626,-14,Urgent,Adult,Follow-up,General Review,Low,General,7.1,14.8
P00562,2026-05-18,Monday,Clinic A,10:48,648,10:00-12:00,0,10:41,641,-7,Routine,Senior,New,Complex Care Review,High,Complex,7.1,48.8
P00563,2026-05-18,Monday,Clinic A,10:56,656,10:00-12:00,0,10:50,650,-6,Urgent,Senior,Follow-up,Physiotherapy Review,Low,Rehab,6.1,25.1
P00564,2026-05-18,Monday,Clinic B,11:04,664,10:00-12:00,0,10:58,658,-6,Routine,Adult,Follow-up,Physiotherapy Review,Medium,Rehab,4.6,32.4
P00565,2026-05-18,Monday,Clinic A,11:12,672,10:00-12:00,0,11:12,672,0,Routine,Senior,Follow-up,General Review,Medium,General,7.8,16.5
P00566,2026-05-18,Monday,Clinic A,11:20,680,10:00-12:00,0,11:13,673,-7,Routine,Senior,Follow-up,Physiotherapy Review,Medium,Rehab,6.5,37.0
P00567,2026-05-18,Monday,Clinic A,11:28,688,10:00-12:00,0,11:28,688,0,Routine,Senior,Follow-up,Post-op Follow-up,Medium,General,6.5,22.1
P00568,2026-05-18,Monday,Clinic B,11:36,696,10:00-12:00,1,,,,Routine,Senior,New,Post-op Follow-up,Low,General,,
P00569,2026-05-18,Monday,Clinic B,11:44,704,10:00-12:00,0,11:59,719,15,Routine,Adult,Follow-up,General Review,High,General,5.2,14.8
P00570,2026-05-18,Monday,Clinic A,11:52,712,10:00-12:00,1,,,,Routine,Adult,Follow-up,General Review,High,General,,
P00571,2026-05-18,Monday,Clinic A,13:00,780,13:00-15:00,1,,,,Routine,Adult,Follow-up,General Review,Low,General,,
P00572,2026-05-18,Monday,Clinic A,13:10,790,13:00-15:00,0,13:02,782,-8,Routine,Adult,Follow-up,General Review,Low,General,5.1,15.7
P00573,2026-05-18,Monday,Clinic A,13:20,800,13:00-15:00,0,13:18,798,-2,Routine,Adult,New,Post-op Follow-up,Medium,General,5.4,20.5
P00574,2026-05-18,Monday,Clinic B,13:30,810,13:00-15:00,0,13:30,810,0,Urgent,Adult,Follow-up,General Review,Medium,General,6.0,13.9
P00575,2026-05-18,Monday,Clinic A,13:40,820,13:00-15:00,0,13:43,823,3,Routine,Senior,Follow-up,Physiotherapy Review,Low,Rehab,7.2,24.5
P00576,2026-05-18,Monday,Clinic B,13:50,830,13:00-15:00,0,14:09,849,19,Routine,Adult,Follow-up,Post-op Follow-up,Medium,General,5.8,20.1
P00577,2026-05-18,Monday,Clinic A,14:00,840,13:00-15:00,0,13:51,831,-9,Routine,Adult,Follow-up,General Review,Low,General,5.9,16.8
P00578,2026-05-18,Monday,Clinic A,14:10,850,13:00-15:00,0,14:02,842,-8,Routine,Adult,Follow-up,General Review,Low,General,5.4,14.4
P00579,2026-05-18,Monday,Clinic B,14:20,860,13:00-15:00,1,,,,Routine,Adult,Follow-up,Post-op Follow-up,Low,General,,
P00580,2026-05-18,Monday,Clinic A,14:30,870,13:00-15:00,0,14:27,867,-3,Routine,Adult,New,Physiotherapy Review,Medium,Rehab,7.0,31.1
P00581,2026-05-18,Monday,Clinic A,14:40,880,13:00-15:00,0,14:39,879,-1,Routine,Senior,New,General Review,Medium,General,8.9,12.9
P00582,2026-05-18,Monday,Clinic A,14:50,890,13:00-15:00,0,14:42,882,-8,Routine,Senior,New,General Review,Low,General,6.0,16.3
P00583,2026-05-18,Monday,Clinic A,15:00,900,15:00-17:00,0,15:06,906,6,Routine,Adult,Follow-up,Physiotherapy Review,High,Rehab,6.1,34.8
P00584,2026-05-18,Monday,Clinic B,15:10,910,15:00-17:00,0,15:15,915,5,Routine,Adult,Follow-up,General Review,Medium,General,4.5,17.0
P00585,2026-05-18,Monday,Clinic A,15:20,920,15:00-17:00,0,15:10,910,-10,Routine,Adult,Follow-up,Post-op Follow-up,High,General,7.8,25.8
P00586,2026-05-18,Monday,Clinic A,15:30,930,15:00-17:00,0,15:24,924,-6,Routine,Adult,Follow-up,General Review,High,General,5.4,12.4
P00587,2026-05-18,Monday,Clinic A,15:40,940,15:00-17:00,1,,,,Routine,Senior,Follow-up,Post-op Follow-up,Medium,General,,
P00588,2026-05-18,Monday,Clinic B,15:50,950,15:00-17:00,0,15:58,958,8,Routine,Senior,Follow-up,Post-op Follow-up,Low,General,5.9,16.6
P00589,2026-05-18,Monday,Clinic B,16:00,960,15:00-17:00,0,15:45,945,-15,Routine,Senior,Follow-up,General Review,High,General,7.4,13.5
P00590,2026-05-18,Monday,Clinic A,16:10,970,15:00-17:00,1,,,,Urgent,Adult,Follow-up,General Review,Low,General,,
P00591,2026-05-18,Monday,Clinic B,16:20,980,15:00-17:00,0,16:05,965,-15,Routine,Adult,New,Post-op Follow-up,Low,General,4.7,20.1
P00592,2026-05-18,Monday,Clinic B,16:30,990,15:00-17:00,0,16:39,999,9,Urgent,Adult,Follow-up,Physiotherapy Review,Medium,Rehab,6.4,27.2
P00593,2026-05-18,Monday,Clinic A,16:40,1000,15:00-17:00,1,,,,Routine,Adult,Follow-up,Physiotherapy Review,Medium,Rehab,,
P00594,2026-05-18,Monday,Clinic B,16:50,1010,15:00-17:00,0,16:40,1000,-10,Routine,Adult,Follow-up,Physiotherapy Review,Low,Rehab,4.9,30.9
P00595,2026-05-19,Tuesday,Clinic A,08:00,480,08:00-10:00,0,07:53,473,-7,Routine,Adult,Follow-up,Physiotherapy Review,Low,Rehab,5.3,27.7
P00596,2026-05-19,Tuesday,Clinic B,08:08,488,08:00-10:00,0,08:10,490,2,Routine,Adult,New,General Review,Low,General,4.7,12.5
P00597,2026-05-19,Tuesday,Clinic A,08:16,496,08:00-10:00,0,08:03,483,-13,Routine,Senior,Follow-up,Physiotherapy Review,Medium,Rehab,6.4,26.4
P00598,2026-05-19,Tuesday,Clinic A,08:24,504,08:00-10:00,0,08:20,500,-4,Routine,Senior,New,General Review,Low,General,7.2,13.2
P00599,2026-05-19,Tuesday,Clinic A,08:32,512,08:00-10:00,0,08:32,512,0,Routine,Adult,New,Physiotherapy Review,High,Rehab,6.0,28.6
P00600,2026-05-19,Tuesday,Clinic A,08:40,520,08:00-10:00,0,08:34,514,-6,Routine,Adult,New,Physiotherapy Review,Medium,Rehab,7.3,31.0
P00601,2026-05-19,Tuesday,Clinic B,08:48,528,08:00-10:00,0,08:45,525,-3,Routine,Adult,Follow-up,Post-op Follow-up,High,General,6.8,24.3
P00602,2026-05-19,Tuesday,Clinic A,08:56,536,08:00-10:00,0,08:46,526,-10,Routine,Adult,Follow-up,General Review,Low,General,4.0,15.2
P00603,2026-05-19,Tuesday,Clinic A,09:04,544,08:00-10:00,0,08:54,534,-10,Routine,Adult,Follow-up,General Review,Low,General,5.5,13.0
P00604,2026-05-19,Tuesday,Clinic A,09:12,552,08:00-10:00,1,,,,Routine,Senior,Follow-up,Post-op Follow-up,Low,General,,
P00605,2026-05-19,Tuesday,Clinic B,09:20,560,08:00-10:00,0,09:27,567,7,Routine,Adult,Follow-up,General Review,Low,General,4.7,15.1
P00606,2026-05-19,Tuesday,Clinic A,09:28,568,08:00-10:00,0,09:17,557,-11,Routine,Senior,Follow-up,Post-op Follow-up,High,General,7.6,25.1
P00607,2026-05-19,Tuesday,Clinic A,09:36,576,08:00-10:00,0,09:34,574,-2,Routine,Senior,Follow-up,General Review,High,General,7.2,16.1
P00608,2026-05-19,Tuesday,Clinic A,09:44,584,08:00-10:00,0,09:43,583,-1,Routine,Adult,Follow-up,General Review,Medium,General,5.3,16.2
P00609,2026-05-19,Tuesday,Clinic A,09:52,592,08:00-10:00,0,09:43,583,-9,Routine,Adult,New,Physiotherapy Review,Medium,Rehab,6.6,32.3
P00610,2026-05-19,Tuesday,Clinic B,10:00,600,10:00-12:00,0,09:55,595,-5,Routine,Senior,Follow-up,General Review,High,General,8.9,16.6
P00611,2026-05-19,Tuesday,Clinic A,10:08,608,10:00-12:00,0,10:17,617,9,Routine,Adult,Follow-up,Post-op Follow-up,High,General,6.2,22.7
P00612,2026-05-19,Tuesday,Clinic A,10:16,616,10:00-12:00,0,10:22,622,6,Routine,Adult,Follow-up,Complex Care Review,Low,Complex,5.1,25.6
P00613,2026-05-19,Tuesday,Clinic B,10:24,624,10:00-12:00,0,10:17,617,-7,Routine,Senior,Follow-up,Complex Care Review,Low,Complex,6.4,32.3
P00614,2026-05-19,Tuesday,Clinic A,10:32,632,10:00-12:00,0,10:20,620,-12,Routine,Senior,Follow-up,Post-op Follow-up,Low,General,9.7,21.7
P00615,2026-05-19,Tuesday,Clinic B,10:40,640,10:00-12:00,0,10:32,632,-8,Routine,Adult,New,Post-op Follow-up,Low,General,7.6,18.6
P00616,2026-05-19,Tuesday,Clinic A,10:48,648,10:00-12:00,0,10:41,641,-7,Urgent,Adult,Follow-up,Physiotherapy Review,Low,Rehab,6.6,30.2
P00617,2026-05-19,Tuesday,Clinic B,10:56,656,10:00-12:00,0,11:14,674,18,Urgent,Senior,New,General Review,Medium,General,10.4,17.4
P00618,2026-05-19,Tuesday,Clinic B,11:04,664,10:00-12:00,0,11:02,662,-2,Routine,Adult,New,General Review,Low,General,6.2,13.8
P00619,2026-05-19,Tuesday,Clinic A,11:12,672,10:00-12:00,0,11:01,661,-11,Routine,Adult,Follow-up,General Review,Medium,General,5.4,12.9
P00620,2026-05-19,Tuesday,Clinic A,11:20,680,10:00-12:00,0,11:14,674,-6,Routine,Adult,New,General Review,Medium,General,6.5,13.6
P00621,2026-05-19,Tuesday,Clinic A,11:28,688,10:00-12:00,1,,,,Routine,Senior,Follow-up,General Review,Low,General,,
P00622,2026-05-19,Tuesday,Clinic A,11:36,696,10:00-12:00,0,11:48,708,12,Routine,Adult,Follow-up,Post-op Follow-up,Medium,General,5.9,16.8
P00623,2026-05-19,Tuesday,Clinic B,11:44,704,10:00-12:00,0,11:44,704,0,Routine,Adult,Follow-up,General Review,Low,General,3.9,16.9
P00624,2026-05-19,Tuesday,Clinic B,11:52,712,10:00-12:00,0,11:48,708,-4,Routine,Senior,Follow-up,Physiotherapy Review,Medium,Rehab,7.9,27.5
P00625,2026-05-19,Tuesday,Clinic B,13:00,780,13:00-15:00,0,13:08,788,8,Routine,Adult,New,General Review,Low,General,4.8,14.5
P00626,2026-05-19,Tuesday,Clinic B,13:10,790,13:00-15:00,1,,,,Routine,Adult,Follow-up,Physiotherapy Review,Medium,Rehab,,
P00627,2026-05-19,Tuesday,Clinic B,13:20,800,13:00-15:00,0,13:15,795,-5,Routine,Adult,Follow-up,General Review,Low,General,6.7,12.1
P00628,2026-05-19,Tuesday,Clinic A,13:30,810,13:00-15:00,0,13:27,807,-3,Routine,Adult,Follow-up,Complex Care Review,Low,Complex,5.6,37.5
P00629,2026-05-19,Tuesday,Clinic A,13:40,820,13:00-15:00,0,13:23,803,-17,Routine,Adult,Follow-up,General Review,Low,General,4.0,12.1
P00630,2026-05-19,Tuesday,Clinic B,13:50,830,13:00-15:00,0,13:42,822,-8,Routine,Senior,Follow-up,Post-op Follow-up,Medium,General,5.2,21.9
P00631,2026-05-19,Tuesday,Clinic A,14:00,840,13:00-15:00,0,13:59,839,-1,Routine,Adult,New,Physiotherapy Review,Medium,Rehab,7.6,37.9
P00632,2026-05-19,Tuesday,Clinic B,14:10,850,13:00-15:00,0,14:10,850,0,Routine,Adult,Follow-up,Post-op Follow-up,Medium,General,3.8,27.8
P00633,2026-05-19,Tuesday,Clinic A,14:20,860,13:00-15:00,0,14:31,871,11,Routine,Adult,Follow-up,Physiotherapy Review,Medium,Rehab,4.5,28.4
P00634,2026-05-19,Tuesday,Clinic A,14:30,870,13:00-15:00,0,14:32,872,2,Urgent,Senior,Follow-up,General Review,Medium,General,8.0,16.9
P00635,2026-05-19,Tuesday,Clinic A,14:40,880,13:00-15:00,0,14:33,873,-7,Urgent,Adult,Follow-up,General Review,Low,General,6.1,14.8
P00636,2026-05-19,Tuesday,Clinic A,14:50,890,13:00-15:00,0,14:47,887,-3,Urgent,Senior,Follow-up,General Review,Low,General,7.4,16.8
P00637,2026-05-19,Tuesday,Clinic B,15:00,900,15:00-17:00,0,14:46,886,-14,Urgent,Senior,New,Physiotherapy Review,Low,Rehab,11.3,29.0
P00638,2026-05-19,Tuesday,Clinic A,15:10,910,15:00-17:00,0,14:55,895,-15,Routine,Adult,Follow-up,General Review,Low,General,6.3,11.0
P00639,2026-05-19,Tuesday,Clinic A,15:20,920,15:00-17:00,0,15:32,932,12,Routine,Adult,Follow-up,Complex Care Review,Low,Complex,4.2,28.5
P00640,2026-05-19,Tuesday,Clinic A,15:30,930,15:00-17:00,0,15:27,927,-3,Routine,Senior,New,Complex Care Review,High,Complex,7.5,46.3
P00641,2026-05-19,Tuesday,Clinic B,15:40,940,15:00-17:00,0,15:38,938,-2,Urgent,Adult,Follow-up,Complex Care Review,Low,Complex,5.6,43.4
P00642,2026-05-19,Tuesday,Clinic A,15:50,950,15:00-17:00,1,,,,Routine,Senior,Follow-up,General Review,Low,General,,
P00643,2026-05-19,Tuesday,Clinic A,16:00,960,15:00-17:00,0,15:49,949,-11,Routine,Adult,New,General Review,Medium,General,4.6,14.0
P00644,2026-05-19,Tuesday,Clinic A,16:10,970,15:00-17:00,0,16:32,992,22,Routine,Adult,Follow-up,Physiotherapy Review,High,Rehab,4.0,25.9
P00645,2026-05-19,Tuesday,Clinic B,16:20,980,15:00-17:00,1,,,,Routine,Adult,Follow-up,General Review,Medium,General,,
P00646,2026-05-19,Tuesday,Clinic A,16:30,990,15:00-17:00,0,16:14,974,-16,Routine,Adult,Follow-up,General Review,Low,General,5.5,15.2
P00647,2026-05-19,Tuesday,Clinic B,16:40,1000,15:00-17:00,0,16:37,997,-3,Routine,Adult,Follow-up,General Review,Low,General,8.2,16.0
P00648,2026-05-19,Tuesday,Clinic A,16:50,1010,15:00-17:00,0,17:07,1027,17,Routine,Adult,New,General Review,High,General,7.9,18.2
P00649,2026-05-20,Wednesday,Clinic B,08:00,480,08:00-10:00,0,07:46,466,-14,Routine,Senior,Follow-up,General Review,Low,General,5.5,13.9
P00650,2026-05-20,Wednesday,Clinic B,08:08,488,08:00-10:00,0,07:56,476,-12,Routine,Senior,Follow-up,Post-op Follow-up,Low,General,8.0,20.4
P00651,2026-05-20,Wednesday,Clinic A,08:16,496,08:00-10:00,0,08:13,493,-3,Routine,Senior,Follow-up,General Review,Medium,General,4.8,13.0
P00652,2026-05-20,Wednesday,Clinic A,08:24,504,08:00-10:00,0,08:11,491,-13,Urgent,Adult,New,General Review,High,General,7.4,23.1
P00653,2026-05-20,Wednesday,Clinic A,08:32,512,08:00-10:00,0,08:26,506,-6,Routine,Adult,Follow-up,Post-op Follow-up,Low,General,7.8,21.9
P00654,2026-05-20,Wednesday,Clinic A,08:40,520,08:00-10:00,0,08:36,516,-4,Routine,Senior,Follow-up,General Review,Medium,General,9.2,19.7
P00655,2026-05-20,Wednesday,Clinic A,08:48,528,08:00-10:00,0,08:42,522,-6,Routine,Adult,Follow-up,Post-op Follow-up,High,General,6.5,27.9
P00656,2026-05-20,Wednesday,Clinic B,08:56,536,08:00-10:00,1,,,,Routine,Adult,Follow-up,Physiotherapy Review,Medium,Rehab,,
P00657,2026-05-20,Wednesday,Clinic A,09:04,544,08:00-10:00,0,08:59,539,-5,Routine,Senior,Follow-up,General Review,High,General,6.4,16.5
P00658,2026-05-20,Wednesday,Clinic A,09:12,552,08:00-10:00,0,09:26,566,14,Routine,Senior,Follow-up,Post-op Follow-up,Medium,General,5.8,18.9
P00659,2026-05-20,Wednesday,Clinic A,09:20,560,08:00-10:00,0,09:17,557,-3,Routine,Senior,Follow-up,General Review,Medium,General,9.0,18.0
P00660,2026-05-20,Wednesday,Clinic B,09:28,568,08:00-10:00,0,09:17,557,-11,Urgent,Adult,Follow-up,General Review,Medium,General,5.8,15.9
P00661,2026-05-20,Wednesday,Clinic B,09:36,576,08:00-10:00,0,09:28,568,-8,Routine,Senior,Follow-up,Post-op Follow-up,Medium,General,6.3,19.4
P00662,2026-05-20,Wednesday,Clinic B,09:44,584,08:00-10:00,0,09:40,580,-4,Routine,Adult,Follow-up,Post-op Follow-up,Medium,General,6.8,18.7
P00663,2026-05-20,Wednesday,Clinic B,09:52,592,08:00-10:00,0,09:47,587,-5,Routine,Senior,New,General Review,High,General,4.8,18.6
P00664,2026-05-20,Wednesday,Clinic B,10:00,600,10:00-12:00,0,09:55,595,-5,Routine,Senior,Follow-up,Post-op Follow-up,Low,General,5.9,17.3
P00665,2026-05-20,Wednesday,Clinic A,10:08,608,10:00-12:00,0,09:55,595,-13,Routine,Adult,Follow-up,General Review,Low,General,8.3,14.0
P00666,2026-05-20,Wednesday,Clinic B,10:16,616,10:00-12:00,0,10:09,609,-7,Routine,Senior,Follow-up,Complex Care Review,Low,Complex,7.3,35.3
P00667,2026-05-20,Wednesday,Clinic A,10:24,624,10:00-12:00,0,10:27,627,3,Routine,Adult,Follow-up,General Review,Low,General,4.5,13.1
P00668,2026-05-20,Wednesday,Clinic A,10:32,632,10:00-12:00,0,10:28,628,-4,Routine,Adult,New,General Review,Low,General,5.1,16.2
P00669,2026-05-20,Wednesday,Clinic B,10:40,640,10:00-12:00,0,10:47,647,7,Routine,Adult,Follow-up,General Review,Medium,General,6.3,13.3
P00670,2026-05-20,Wednesday,Clinic B,10:48,648,10:00-12:00,0,10:44,644,-4,Routine,Adult,New,General Review,High,General,4.0,14.1
P00671,2026-05-20,Wednesday,Clinic A,10:56,656,10:00-12:00,0,11:08,668,12,Routine,Senior,New,General Review,Low,General,7.1,13.5
P00672,2026-05-20,Wednesday,Clinic B,11:04,664,10:00-12:00,0,10:53,653,-11,Routine,Adult,Follow-up,Physiotherapy Review,Medium,Rehab,7.2,29.6
P00673,2026-05-20,Wednesday,Clinic A,11:12,672,10:00-12:00,0,11:32,692,20,Routine,Senior,Follow-up,General Review,Medium,General,8.3,12.3
P00674,2026-05-20,Wednesday,Clinic B,11:20,680,10:00-12:00,0,11:25,685,5,Routine,Senior,Follow-up,General Review,Low,General,6.1,14.9
P00675,2026-05-20,Wednesday,Clinic B,11:28,688,10:00-12:00,0,11:26,686,-2,Routine,Senior,Follow-up,Post-op Follow-up,Low,General,6.7,23.2
P00676,2026-05-20,Wednesday,Clinic B,11:36,696,10:00-12:00,0,11:22,682,-14,Routine,Adult,New,General Review,High,General,5.7,18.5
P00677,2026-05-20,Wednesday,Clinic B,11:44,704,10:00-12:00,0,11:38,698,-6,Routine,Senior,Follow-up,Physiotherapy Review,Medium,Rehab,6.6,35.1
P00678,2026-05-20,Wednesday,Clinic A,11:52,712,10:00-12:00,0,11:50,710,-2,Routine,Senior,Follow-up,General Review,High,General,7.3,21.8
P00679,2026-05-20,Wednesday,Clinic A,13:00,780,13:00-15:00,0,12:50,770,-10,Routine,Senior,Follow-up,General Review,Medium,General,5.8,17.2
P00680,2026-05-20,Wednesday,Clinic A,13:10,790,13:00-15:00,0,12:57,777,-13,Routine,Senior,Follow-up,General Review,Low,General,6.8,14.6
P00681,2026-05-20,Wednesday,Clinic A,13:20,800,13:00-15:00,0,13:30,810,10,Routine,Adult,Follow-up,Post-op Follow-up,Low,General,3.2,22.4
P00682,2026-05-20,Wednesday,Clinic A,13:30,810,13:00-15:00,0,13:17,797,-13,Routine,Adult,New,Post-op Follow-up,Medium,General,4.4,21.5
P00683,2026-05-20,Wednesday,Clinic A,13:40,820,13:00-15:00,0,13:33,813,-7,Routine,Adult,Follow-up,General Review,Low,General,5.1,13.7
P00684,2026-05-20,Wednesday,Clinic A,13:50,830,13:00-15:00,0,13:39,819,-11,Routine,Senior,Follow-up,General Review,Low,General,5.8,14.7
P00685,2026-05-20,Wednesday,Clinic A,14:00,840,13:00-15:00,0,13:55,835,-5,Routine,Senior,Follow-up,Physiotherapy Review,Low,Rehab,9.4,25.5
P00686,2026-05-20,Wednesday,Clinic A,14:10,850,13:00-15:00,1,,,,Routine,Adult,Follow-up,General Review,Low,General,,
P00687,2026-05-20,Wednesday,Clinic A,14:20,860,13:00-15:00,0,14:22,862,2,Routine,Adult,Follow-up,Physiotherapy Review,Low,Rehab,4.4,26.6
P00688,2026-05-20,Wednesday,Clinic B,14:30,870,13:00-15:00,0,14:30,870,0,Routine,Adult,Follow-up,Complex Care Review,Medium,Complex,6.3,36.0
P00689,2026-05-20,Wednesday,Clinic A,14:40,880,13:00-15:00,0,14:36,876,-4,Routine,Senior,Follow-up,General Review,Low,General,6.6,11.3
P00690,2026-05-20,Wednesday,Clinic A,14:50,890,13:00-15:00,0,14:46,886,-4,Routine,Adult,Follow-up,General Review,Low,General,4.8,13.0
P00691,2026-05-20,Wednesday,Clinic A,15:00,900,15:00-17:00,0,14:51,891,-9,Routine,Senior,New,General Review,Low,General,8.2,12.4
P00692,2026-05-20,Wednesday,Clinic B,15:10,910,15:00-17:00,0,15:01,901,-9,Routine,Senior,Follow-up,General Review,Medium,General,6.8,15.1
P00693,2026-05-20,Wednesday,Clinic B,15:20,920,15:00-17:00,0,15:29,929,9,Routine,Adult,Follow-up,Physiotherapy Review,Medium,Rehab,6.1,25.8
P00694,2026-05-20,Wednesday,Clinic A,15:30,930,15:00-17:00,0,15:41,941,11,Routine,Adult,Follow-up,General Review,High,General,4.5,17.1
P00695,2026-05-20,Wednesday,Clinic A,15:40,940,15:00-17:00,0,15:40,940,0,Urgent,Senior,Follow-up,Complex Care Review,Low,Complex,8.4,29.9
P00696,2026-05-20,Wednesday,Clinic B,15:50,950,15:00-17:00,0,15:53,953,3,Routine,Senior,Follow-up,Post-op Follow-up,Medium,General,9.2,19.2
P00697,2026-05-20,Wednesday,Clinic B,16:00,960,15:00-17:00,0,15:53,953,-7,Routine,Adult,Follow-up,General Review,Low,General,6.8,13.8
P00698,2026-05-20,Wednesday,Clinic A,16:10,970,15:00-17:00,0,16:01,961,-9,Routine,Adult,New,General Review,Medium,General,3.7,13.8
P00699,2026-05-20,Wednesday,Clinic A,16:20,980,15:00-17:00,0,16:18,978,-2,Routine,Adult,New,Post-op Follow-up,Medium,General,5.9,19.3
P00700,2026-05-20,Wednesday,Clinic B,16:30,990,15:00-17:00,0,16:27,987,-3,Routine,Adult,Follow-up,General Review,Low,General,4.6,16.9
P00701,2026-05-20,Wednesday,Clinic A,16:40,1000,15:00-17:00,0,16:35,995,-5,Routine,Adult,Follow-up,Complex Care Review,Medium,Complex,6.1,43.7
P00702,2026-05-20,Wednesday,Clinic A,16:50,1010,15:00-17:00,0,16:40,1000,-10,Routine,Senior,New,General Review,Medium,General,7.5,16.8
P00703,2026-05-21,Thursday,Clinic A,08:00,480,08:00-10:00,0,08:05,485,5,Urgent,Adult,Follow-up,Physiotherapy Review,Medium,Rehab,6.6,29.0
P00704,2026-05-21,Thursday,Clinic A,08:08,488,08:00-10:00,0,08:26,506,18,Routine,Adult,Follow-up,General Review,Low,General,4.9,16.4
P00705,2026-05-21,Thursday,Clinic A,08:16,496,08:00-10:00,0,08:13,493,-3,Routine,Adult,Follow-up,Complex Care Review,High,Complex,4.0,39.8
P00706,2026-05-21,Thursday,Clinic B,08:24,504,08:00-10:00,0,08:27,507,3,Routine,Adult,Follow-up,General Review,Low,General,6.3,14.5
P00707,2026-05-21,Thursday,Clinic B,08:32,512,08:00-10:00,0,08:23,503,-9,Routine,Senior,Follow-up,Post-op Follow-up,Low,General,9.1,21.3
P00708,2026-05-21,Thursday,Clinic B,08:40,520,08:00-10:00,0,08:33,513,-7,Urgent,Adult,Follow-up,Physiotherapy Review,Medium,Rehab,5.3,27.7
P00709,2026-05-21,Thursday,Clinic A,08:48,528,08:00-10:00,0,08:50,530,2,Routine,Senior,Follow-up,Post-op Follow-up,Low,General,7.0,19.5
P00710,2026-05-21,Thursday,Clinic A,08:56,536,08:00-10:00,0,08:42,522,-14,Routine,Senior,New,Post-op Follow-up,Medium,General,5.9,23.5
P00711,2026-05-21,Thursday,Clinic A,09:04,544,08:00-10:00,0,09:09,549,5,Routine,Senior,New,Complex Care Review,Medium,Complex,8.3,44.2
P00712,2026-05-21,Thursday,Clinic A,09:12,552,08:00-10:00,0,09:10,550,-2,Routine,Senior,Follow-up,General Review,Low,General,4.5,14.3
P00713,2026-05-21,Thursday,Clinic A,09:20,560,08:00-10:00,0,09:08,548,-12,Routine,Adult,Follow-up,General Review,Low,General,6.6,13.9
P00714,2026-05-21,Thursday,Clinic A,09:28,568,08:00-10:00,0,09:29,569,1,Routine,Adult,New,Post-op Follow-up,Low,General,3.8,20.3
P00715,2026-05-21,Thursday,Clinic A,09:36,576,08:00-10:00,0,09:42,582,6,Routine,Adult,Follow-up,General Review,High,General,5.8,15.7
P00716,2026-05-21,Thursday,Clinic A,09:44,584,08:00-10:00,0,09:30,570,-14,Urgent,Adult,New,General Review,Medium,General,8.9,17.0
P00717,2026-05-21,Thursday,Clinic A,09:52,592,08:00-10:00,0,09:45,585,-7,Routine,Adult,Follow-up,General Review,Low,General,5.1,15.3
P00718,2026-05-21,Thursday,Clinic A,10:00,600,10:00-12:00,0,09:48,588,-12,Routine,Senior,New,General Review,Low,General,8.6,11.6
P00719,2026-05-21,Thursday,Clinic B,10:08,608,10:00-12:00,0,10:30,630,22,Routine,Adult,Follow-up,Post-op Follow-up,Low,General,8.0,19.5
P00720,2026-05-21,Thursday,Clinic A,10:16,616,10:00-12:00,0,10:08,608,-8,Routine,Senior,Follow-up,General Review,Low,General,7.2,15.4
P00721,2026-05-21,Thursday,Clinic A,10:24,624,10:00-12:00,0,10:08,608,-16,Routine,Adult,Follow-up,General Review,Low,General,4.6,14.8
P00722,2026-05-21,Thursday,Clinic A,10:32,632,10:00-12:00,0,10:35,635,3,Urgent,Adult,Follow-up,Post-op Follow-up,Medium,General,5.2,24.7
P00723,2026-05-21,Thursday,Clinic A,10:40,640,10:00-12:00,0,10:30,630,-10,Routine,Adult,Follow-up,Complex Care Review,High,Complex,3.4,45.8
P00724,2026-05-21,Thursday,Clinic A,10:48,648,10:00-12:00,0,10:48,648,0,Routine,Adult,New,Post-op Follow-up,Low,General,5.1,16.1
P00725,2026-05-21,Thursday,Clinic B,10:56,656,10:00-12:00,0,10:59,659,3,Routine,Senior,Follow-up,Complex Care Review,Low,Complex,6.5,31.9
P00726,2026-05-21,Thursday,Clinic A,11:04,664,10:00-12:00,0,11:01,661,-3,Routine,Adult,New,Post-op Follow-up,Medium,General,5.4,25.6
P00727,2026-05-21,Thursday,Clinic A,11:12,672,10:00-12:00,1,,,,Routine,Senior,Follow-up,Complex Care Review,Medium,Complex,,
P00728,2026-05-21,Thursday,Clinic A,11:20,680,10:00-12:00,0,11:15,675,-5,Routine,Senior,Follow-up,Physiotherapy Review,High,Rehab,7.4,26.1
P00729,2026-05-21,Thursday,Clinic A,11:28,688,10:00-12:00,0,11:21,681,-7,Routine,Adult,Follow-up,General Review,Low,General,6.5,11.9
P00730,2026-05-21,Thursday,Clinic A,11:36,696,10:00-12:00,0,11:37,697,1,Routine,Senior,Follow-up,General Review,Medium,General,8.5,18.0
P00731,2026-05-21,Thursday,Clinic A,11:44,704,10:00-12:00,0,11:59,719,15,Routine,Adult,Follow-up,General Review,Low,General,7.3,13.8
P00732,2026-05-21,Thursday,Clinic A,11:52,712,10:00-12:00,0,11:52,712,0,Routine,Adult,Follow-up,General Review,High,General,4.5,20.7
P00733,2026-05-21,Thursday,Clinic B,13:00,780,13:00-15:00,0,13:02,782,2,Urgent,Senior,Follow-up,General Review,Medium,General,7.5,15.7
P00734,2026-05-21,Thursday,Clinic B,13:10,790,13:00-15:00,0,13:07,787,-3,Urgent,Adult,Follow-up,General Review,High,General,7.1,24.1
P00735,2026-05-21,Thursday,Clinic B,13:20,800,13:00-15:00,0,13:16,796,-4,Routine,Adult,Follow-up,Post-op Follow-up,Medium,General,5.9,18.4
P00736,2026-05-21,Thursday,Clinic A,13:30,810,13:00-15:00,0,13:31,811,1,Routine,Adult,Follow-up,General Review,Low,General,5.5,17.8
P00737,2026-05-21,Thursday,Clinic A,13:40,820,13:00-15:00,0,13:39,819,-1,Urgent,Senior,Follow-up,General Review,Low,General,7.6,15.0
P00738,2026-05-21,Thursday,Clinic A,13:50,830,13:00-15:00,0,13:47,827,-3,Urgent,Adult,Follow-up,Complex Care Review,Low,Complex,5.3,33.5
P00739,2026-05-21,Thursday,Clinic B,14:00,840,13:00-15:00,0,13:56,836,-4,Routine,Senior,New,Post-op Follow-up,Medium,General,6.4,25.2
P00740,2026-05-21,Thursday,Clinic B,14:10,850,13:00-15:00,0,14:04,844,-6,Routine,Adult,Follow-up,Complex Care Review,Medium,Complex,5.6,35.0
P00741,2026-05-21,Thursday,Clinic B,14:20,860,13:00-15:00,0,14:20,860,0,Routine,Adult,New,Post-op Follow-up,High,General,7.0,25.5
P00742,2026-05-21,Thursday,Clinic A,14:30,870,13:00-15:00,0,14:41,881,11,Routine,Adult,Follow-up,General Review,Low,General,7.7,13.7
P00743,2026-05-21,Thursday,Clinic A,14:40,880,13:00-15:00,0,14:37,877,-3,Routine,Adult,Follow-up,General Review,Low,General,4.2,14.3
P00744,2026-05-21,Thursday,Clinic A,14:50,890,13:00-15:00,0,14:50,890,0,Routine,Adult,New,Physiotherapy Review,Low,Rehab,6.7,22.7
P00745,2026-05-21,Thursday,Clinic B,15:00,900,15:00-17:00,0,15:02,902,2,Routine,Senior,Follow-up,Post-op Follow-up,Medium,General,6.0,18.5
P00746,2026-05-21,Thursday,Clinic A,15:10,910,15:00-17:00,0,15:09,909,-1,Routine,Adult,New,General Review,Low,General,8.4,15.9
P00747,2026-05-21,Thursday,Clinic A,15:20,920,15:00-17:00,1,,,,Routine,Adult,New,Complex Care Review,Low,Complex,,
P00748,2026-05-21,Thursday,Clinic A,15:30,930,15:00-17:00,0,15:19,919,-11,Routine,Adult,Follow-up,General Review,Low,General,5.3,16.1
P00749,2026-05-21,Thursday,Clinic A,15:40,940,15:00-17:00,0,15:28,928,-12,Urgent,Adult,Follow-up,General Review,Medium,General,6.0,20.5
P00750,2026-05-21,Thursday,Clinic A,15:50,950,15:00-17:00,0,15:37,937,-13,Routine,Senior,New,Post-op Follow-up,Medium,General,8.0,17.4
P00751,2026-05-21,Thursday,Clinic B,16:00,960,15:00-17:00,0,16:07,967,7,Routine,Senior,Follow-up,General Review,Medium,General,7.2,17.3
P00752,2026-05-21,Thursday,Clinic A,16:10,970,15:00-17:00,0,16:07,967,-3,Routine,Adult,New,Complex Care Review,Medium,Complex,6.4,36.4
P00753,2026-05-21,Thursday,Clinic B,16:20,980,15:00-17:00,0,16:11,971,-9,Routine,Adult,Follow-up,General Review,Low,General,5.4,16.1
P00754,2026-05-21,Thursday,Clinic A,16:30,990,15:00-17:00,0,16:23,983,-7,Urgent,Adult,Follow-up,Post-op Follow-up,High,General,8.0,22.5
P00755,2026-05-21,Thursday,Clinic A,16:40,1000,15:00-17:00,0,16:48,1008,8,Routine,Adult,Follow-up,General Review,Medium,General,4.7,12.1
P00756,2026-05-21,Thursday,Clinic B,16:50,1010,15:00-17:00,0,17:01,1021,11,Urgent,Senior,Follow-up,Post-op Follow-up,Medium,General,9.1,20.0
P00757,2026-05-22,Friday,Clinic B,08:00,480,08:00-10:00,0,07:57,477,-3,Routine,Senior,Follow-up,General Review,Low,General,10.4,15.9
P00758,2026-05-22,Friday,Clinic A,08:08,488,08:00-10:00,0,07:55,475,-13,Routine,Adult,Follow-up,Complex Care Review,Low,Complex,4.4,29.5
P00759,2026-05-22,Friday,Clinic A,08:16,496,08:00-10:00,0,08:16,496,0,Urgent,Adult,Follow-up,Physiotherapy Review,High,Rehab,7.0,40.7
P00760,2026-05-22,Friday,Clinic B,08:24,504,08:00-10:00,0,08:14,494,-10,Routine,Senior,Follow-up,General Review,Medium,General,5.2,17.5
P00761,2026-05-22,Friday,Clinic A,08:32,512,08:00-10:00,1,,,,Routine,Adult,New,General Review,Low,General,,
P00762,2026-05-22,Friday,Clinic A,08:40,520,08:00-10:00,0,08:38,518,-2,Routine,Adult,Follow-up,General Review,Low,General,5.1,17.1
P00763,2026-05-22,Friday,Clinic B,08:48,528,08:00-10:00,0,08:46,526,-2,Routine,Adult,Follow-up,General Review,Low,General,4.3,16.0
P00764,2026-05-22,Friday,Clinic B,08:56,536,08:00-10:00,0,08:56,536,0,Routine,Adult,Follow-up,General Review,Medium,General,4.0,14.3
P00765,2026-05-22,Friday,Clinic A,09:04,544,08:00-10:00,0,08:49,529,-15,Routine,Senior,Follow-up,General Review,Medium,General,6.6,15.3
P00766,2026-05-22,Friday,Clinic A,09:12,552,08:00-10:00,0,09:08,548,-4,Routine,Adult,Follow-up,Complex Care Review,Low,Complex,4.1,31.1
P00767,2026-05-22,Friday,Clinic B,09:20,560,08:00-10:00,0,09:13,553,-7,Routine,Adult,New,General Review,High,General,5.0,16.5
P00768,2026-05-22,Friday,Clinic A,09:28,568,08:00-10:00,0,09:38,578,10,Routine,Senior,New,Post-op Follow-up,Low,General,4.7,22.5
P00769,2026-05-22,Friday,Clinic B,09:36,576,08:00-10:00,0,09:46,586,10,Routine,Adult,Follow-up,General Review,Low,General,5.9,17.0
P00770,2026-05-22,Friday,Clinic A,09:44,584,08:00-10:00,0,09:34,574,-10,Routine,Senior,Follow-up,General Review,Medium,General,5.1,12.4
P00771,2026-05-22,Friday,Clinic A,09:52,592,08:00-10:00,0,09:49,589,-3,Routine,Adult,New,Complex Care Review,Medium,Complex,6.4,44.9
P00772,2026-05-22,Friday,Clinic B,10:00,600,10:00-12:00,0,09:55,595,-5,Routine,Adult,Follow-up,General Review,Medium,General,6.1,13.2
P00773,2026-05-22,Friday,Clinic B,10:08,608,10:00-12:00,0,10:10,610,2,Routine,Senior,Follow-up,General Review,Low,General,8.8,16.2
P00774,2026-05-22,Friday,Clinic B,10:16,616,10:00-12:00,0,10:11,611,-5,Routine,Adult,Follow-up,General Review,High,General,4.9,14.0
P00775,2026-05-22,Friday,Clinic A,10:24,624,10:00-12:00,0,10:17,617,-7,Urgent,Adult,Follow-up,Post-op Follow-up,Medium,General,7.5,22.4
P00776,2026-05-22,Friday,Clinic A,10:32,632,10:00-12:00,0,10:23,623,-9,Routine,Adult,Follow-up,Physiotherapy Review,Low,Rehab,4.9,25.9
P00777,2026-05-22,Friday,Clinic A,10:40,640,10:00-12:00,0,10:47,647,7,Routine,Senior,Follow-up,General Review,High,General,4.9,21.0
P00778,2026-05-22,Friday,Clinic B,10:48,648,10:00-12:00,0,10:55,655,7,Routine,Adult,Follow-up,Post-op Follow-up,Medium,General,4.1,19.0
P00779,2026-05-22,Friday,Clinic A,10:56,656,10:00-12:00,0,10:53,653,-3,Routine,Adult,New,General Review,Medium,General,4.9,12.7
P00780,2026-05-22,Friday,Clinic B,11:04,664,10:00-12:00,0,10:56,656,-8,Routine,Adult,Follow-up,Physiotherapy Review,Low,Rehab,6.4,26.2
P00781,2026-05-22,Friday,Clinic B,11:12,672,10:00-12:00,0,11:05,665,-7,Routine,Adult,Follow-up,General Review,High,General,4.9,16.0
P00782,2026-05-22,Friday,Clinic B,11:20,680,10:00-12:00,0,11:15,675,-5,Routine,Adult,New,General Review,Low,General,7.3,13.8
P00783,2026-05-22,Friday,Clinic A,11:28,688,10:00-12:00,1,,,,Routine,Adult,New,General Review,Medium,General,,
P00784,2026-05-22,Friday,Clinic A,11:36,696,10:00-12:00,0,11:21,681,-15,Routine,Adult,New,Physiotherapy Review,Medium,Rehab,6.5,27.8
P00785,2026-05-22,Friday,Clinic A,11:44,704,10:00-12:00,0,11:35,695,-9,Urgent,Adult,Follow-up,General Review,Low,General,4.4,12.7
P00786,2026-05-22,Friday,Clinic B,11:52,712,10:00-12:00,0,11:51,711,-1,Routine,Adult,Follow-up,Post-op Follow-up,Low,General,7.1,19.8
P00787,2026-05-22,Friday,Clinic B,13:00,780,13:00-15:00,0,13:00,780,0,Routine,Adult,Follow-up,Post-op Follow-up,Medium,General,4.4,23.0
P00788,2026-05-22,Friday,Clinic A,13:10,790,13:00-15:00,0,13:06,786,-4,Routine,Adult,Follow-up,Complex Care Review,Medium,Complex,5.3,34.5
P00789,2026-05-22,Friday,Clinic B,13:20,800,13:00-15:00,0,13:03,783,-17,Routine,Adult,New,General Review,High,General,8.1,18.0
P00790,2026-05-22,Friday,Clinic A,13:30,810,13:00-15:00,0,13:22,802,-8,Routine,Senior,Follow-up,Physiotherapy Review,Low,Rehab,7.2,28.6
P00791,2026-05-22,Friday,Clinic B,13:40,820,13:00-15:00,0,13:38,818,-2,Routine,Adult,Follow-up,General Review,Low,General,5.1,13.9
P00792,2026-05-22,Friday,Clinic A,13:50,830,13:00-15:00,0,13:50,830,0,Routine,Adult,Follow-up,Physiotherapy Review,Low,Rehab,6.0,25.6
P00793,2026-05-22,Friday,Clinic A,14:00,840,13:00-15:00,1,,,,Routine,Adult,Follow-up,Physiotherapy Review,Low,Rehab,,
P00794,2026-05-22,Friday,Clinic B,14:10,850,13:00-15:00,0,14:09,849,-1,Routine,Adult,Follow-up,Physiotherapy Review,High,Rehab,5.3,26.8
P00795,2026-05-22,Friday,Clinic B,14:20,860,13:00-15:00,1,,,,Routine,Adult,Follow-up,Physiotherapy Review,Medium,Rehab,,
P00796,2026-05-22,Friday,Clinic A,14:30,870,13:00-15:00,0,14:22,862,-8,Routine,Adult,Follow-up,Complex Care Review,Low,Complex,4.6,30.0
P00797,2026-05-22,Friday,Clinic B,14:40,880,13:00-15:00,0,14:29,869,-11,Routine,Adult,Follow-up,Post-op Follow-up,Medium,General,5.1,20.7
P00798,2026-05-22,Friday,Clinic B,14:50,890,13:00-15:00,1,,,,Routine,Adult,Follow-up,General Review,High,General,,
P00799,2026-05-22,Friday,Clinic A,15:00,900,15:00-17:00,0,14:52,892,-8,Routine,Adult,Follow-up,Post-op Follow-up,Low,General,3.9,16.2
P00800,2026-05-22,Friday,Clinic B,15:10,910,15:00-17:00,0,14:57,897,-13,Routine,Adult,Follow-up,General Review,Low,General,4.7,14.9
P00801,2026-05-22,Friday,Clinic B,15:20,920,15:00-17:00,1,,,,Urgent,Adult,Follow-up,Physiotherapy Review,Low,Rehab,,
P00802,2026-05-22,Friday,Clinic A,15:30,930,15:00-17:00,0,15:15,915,-15,Routine,Senior,Follow-up,Post-op Follow-up,Low,General,5.9,18.5
P00803,2026-05-22,Friday,Clinic A,15:40,940,15:00-17:00,0,15:51,951,11,Urgent,Senior,New,Physiotherapy Review,Medium,Rehab,11.3,35.3
P00804,2026-05-22,Friday,Clinic A,15:50,950,15:00-17:00,0,15:46,946,-4,Routine,Adult,New,General Review,High,General,5.6,18.1
P00805,2026-05-22,Friday,Clinic B,16:00,960,15:00-17:00,0,16:02,962,2,Routine,Senior,Follow-up,General Review,Medium,General,7.8,14.6
P00806,2026-05-22,Friday,Clinic A,16:10,970,15:00-17:00,0,16:03,963,-7,Routine,Senior,Follow-up,General Review,Low,General,5.7,11.4
P00807,2026-05-22,Friday,Clinic A,16:20,980,15:00-17:00,0,16:10,970,-10,Urgent,Adult,Follow-up,Physiotherapy Review,Medium,Rehab,8.1,23.8
P00808,2026-05-22,Friday,Clinic A,16:30,990,15:00-17:00,1,,,,Routine,Adult,Follow-up,General Review,Low,General,,
P00809,2026-05-22,Friday,Clinic A,16:40,1000,15:00-17:00,0,16:47,1007,7,Routine,Adult,Follow-up,Post-op Follow-up,Medium,General,6.4,25.9
P00810,2026-05-22,Friday,Clinic B,16:50,1010,15:00-17:00,0,16:45,1005,-5,Routine,Adult,Follow-up,General Review,Medium,General,6.0,13.6
P00811,2026-05-25,Monday,Clinic A,08:00,480,08:00-10:00,0,08:00,480,0,Routine,Senior,Follow-up,Physiotherapy Review,Medium,Rehab,9.8,28.8
P00812,2026-05-25,Monday,Clinic B,08:08,488,08:00-10:00,0,08:09,489,1,Urgent,Senior,Follow-up,Post-op Follow-up,Low,General,8.5,20.7
P00813,2026-05-25,Monday,Clinic A,08:16,496,08:00-10:00,1,,,,Routine,Senior,Follow-up,General Review,Low,General,,
P00814,2026-05-25,Monday,Clinic A,08:24,504,08:00-10:00,0,08:23,503,-1,Routine,Adult,New,Physiotherapy Review,Low,Rehab,6.1,27.0
P00815,2026-05-25,Monday,Clinic B,08:32,512,08:00-10:00,0,08:18,498,-14,Routine,Adult,Follow-up,Physiotherapy Review,High,Rehab,4.8,31.6
P00816,2026-05-25,Monday,Clinic A,08:40,520,08:00-10:00,0,08:36,516,-4,Routine,Adult,Follow-up,General Review,Low,General,5.7,12.7
P00817,2026-05-25,Monday,Clinic A,08:48,528,08:00-10:00,0,08:50,530,2,Urgent,Adult,New,General Review,Medium,General,5.4,13.2
P00818,2026-05-25,Monday,Clinic A,08:56,536,08:00-10:00,0,08:53,533,-3,Routine,Adult,Follow-up,General Review,Low,General,8.2,16.2
P00819,2026-05-25,Monday,Clinic A,09:04,544,08:00-10:00,0,08:55,535,-9,Routine,Adult,Follow-up,General Review,Low,General,4.6,13.2
P00820,2026-05-25,Monday,Clinic A,09:12,552,08:00-10:00,0,09:10,550,-2,Urgent,Adult,Follow-up,Post-op Follow-up,Low,General,8.1,27.9
P00821,2026-05-25,Monday,Clinic B,09:20,560,08:00-10:00,0,09:24,564,4,Routine,Adult,Follow-up,Post-op Follow-up,Medium,General,5.9,22.3
P00822,2026-05-25,Monday,Clinic A,09:28,568,08:00-10:00,0,09:23,563,-5,Routine,Senior,New,Complex Care Review,Medium,Complex,9.7,38.8
P00823,2026-05-25,Monday,Clinic A,09:36,576,08:00-10:00,0,09:47,587,11,Routine,Adult,Follow-up,General Review,Medium,General,7.0,19.8
P00824,2026-05-25,Monday,Clinic A,09:44,584,08:00-10:00,0,09:40,580,-4,Routine,Adult,New,Post-op Follow-up,Medium,General,5.6,18.4
P00825,2026-05-25,Monday,Clinic A,09:52,592,08:00-10:00,0,09:41,581,-11,Routine,Senior,Follow-up,Post-op Follow-up,Low,General,5.9,21.8
P00826,2026-05-25,Monday,Clinic A,10:00,600,10:00-12:00,1,,,,Routine,Adult,Follow-up,General Review,Medium,General,,
P00827,2026-05-25,Monday,Clinic A,10:08,608,10:00-12:00,0,09:58,598,-10,Routine,Adult,Follow-up,General Review,Medium,General,6.4,13.1
P00828,2026-05-25,Monday,Clinic B,10:16,616,10:00-12:00,0,10:12,612,-4,Routine,Senior,Follow-up,Physiotherapy Review,Medium,Rehab,7.6,27.6
P00829,2026-05-25,Monday,Clinic B,10:24,624,10:00-12:00,1,,,,Routine,Adult,New,Post-op Follow-up,Low,General,,
P00830,2026-05-25,Monday,Clinic B,10:32,632,10:00-12:00,0,10:22,622,-10,Routine,Adult,Follow-up,Post-op Follow-up,Medium,General,4.9,21.0
P00831,2026-05-25,Monday,Clinic A,10:40,640,10:00-12:00,0,11:00,660,20,Routine,Adult,Follow-up,Physiotherapy Review,Low,Rehab,5.0,22.9
P00832,2026-05-25,Monday,Clinic A,10:48,648,10:00-12:00,0,10:38,638,-10,Urgent,Adult,New,General Review,Low,General,5.5,16.0
P00833,2026-05-25,Monday,Clinic A,10:56,656,10:00-12:00,0,10:40,640,-16,Routine,Adult,Follow-up,Physiotherapy Review,Low,Rehab,4.8,32.3
P00834,2026-05-25,Monday,Clinic B,11:04,664,10:00-12:00,0,10:51,651,-13,Urgent,Senior,New,Post-op Follow-up,Medium,General,6.8,23.9
P00835,2026-05-25,Monday,Clinic B,11:12,672,10:00-12:00,0,11:02,662,-10,Routine,Adult,Follow-up,General Review,Low,General,3.9,14.8
P00836,2026-05-25,Monday,Clinic B,11:20,680,10:00-12:00,0,11:25,685,5,Routine,Adult,Follow-up,Post-op Follow-up,Low,General,7.9,20.3
P00837,2026-05-25,Monday,Clinic A,11:28,688,10:00-12:00,0,11:28,688,0,Routine,Adult,New,General Review,Low,General,4.3,14.6
P00838,2026-05-25,Monday,Clinic A,11:36,696,10:00-12:00,0,11:33,693,-3,Routine,Adult,Follow-up,General Review,Medium,General,6.3,16.0
P00839,2026-05-25,Monday,Clinic A,11:44,704,10:00-12:00,0,11:39,699,-5,Urgent,Senior,Follow-up,Complex Care Review,Medium,Complex,8.7,39.8
P00840,2026-05-25,Monday,Clinic B,11:52,712,10:00-12:00,0,11:45,705,-7,Routine,Adult,Follow-up,Post-op Follow-up,Low,General,5.0,18.9
P00841,2026-05-25,Monday,Clinic A,13:00,780,13:00-15:00,0,12:59,779,-1,Routine,Adult,Follow-up,Physiotherapy Review,Medium,Rehab,7.1,28.1
P00842,2026-05-25,Monday,Clinic A,13:10,790,13:00-15:00,0,13:03,783,-7,Routine,Adult,Follow-up,Physiotherapy Review,Low,Rehab,6.0,20.6
P00843,2026-05-25,Monday,Clinic A,13:20,800,13:00-15:00,0,13:20,800,0,Routine,Senior,Follow-up,Post-op Follow-up,Low,General,7.6,15.1
P00844,2026-05-25,Monday,Clinic A,13:30,810,13:00-15:00,0,13:22,802,-8,Routine,Adult,New,General Review,Low,General,8.4,15.7
P00845,2026-05-25,Monday,Clinic A,13:40,820,13:00-15:00,0,13:31,811,-9,Routine,Adult,Follow-up,General Review,Low,General,7.1,15.2
P00846,2026-05-25,Monday,Clinic A,13:50,830,13:00-15:00,0,13:48,828,-2,Routine,Adult,Follow-up,General Review,Low,General,6.6,15.6
P00847,2026-05-25,Monday,Clinic B,14:00,840,13:00-15:00,0,13:59,839,-1,Urgent,Adult,Follow-up,Physiotherapy Review,Low,Rehab,5.1,31.9
P00848,2026-05-25,Monday,Clinic A,14:10,850,13:00-15:00,1,,,,Routine,Senior,Follow-up,Post-op Follow-up,Medium,General,,
P00849,2026-05-25,Monday,Clinic A,14:20,860,13:00-15:00,0,14:14,854,-6,Urgent,Adult,Follow-up,General Review,Medium,General,6.1,16.3
P00850,2026-05-25,Monday,Clinic A,14:30,870,13:00-15:00,0,14:27,867,-3,Routine,Adult,Follow-up,Complex Care Review,Medium,Complex,6.7,36.7
P00851,2026-05-25,Monday,Clinic A,14:40,880,13:00-15:00,1,,,,Routine,Adult,Follow-up,General Review,Medium,General,,
P00852,2026-05-25,Monday,Clinic A,14:50,890,13:00-15:00,0,14:36,876,-14,Routine,Senior,Follow-up,General Review,Medium,General,6.6,17.1
P00853,2026-05-25,Monday,Clinic A,15:00,900,15:00-17:00,1,,,,Routine,Adult,New,Post-op Follow-up,High,General,,
P00854,2026-05-25,Monday,Clinic B,15:10,910,15:00-17:00,0,15:11,911,1,Routine,Adult,Follow-up,General Review,Medium,General,7.6,14.1
P00855,2026-05-25,Monday,Clinic A,15:20,920,15:00-17:00,0,15:31,931,11,Routine,Adult,Follow-up,General Review,High,General,6.0,16.6
P00856,2026-05-25,Monday,Clinic A,15:30,930,15:00-17:00,0,15:12,912,-18,Urgent,Senior,Follow-up,General Review,Medium,General,9.5,16.9
P00857,2026-05-25,Monday,Clinic B,15:40,940,15:00-17:00,0,15:36,936,-4,Routine,Senior,Follow-up,Post-op Follow-up,Low,General,6.0,19.4
P00858,2026-05-25,Monday,Clinic A,15:50,950,15:00-17:00,0,16:00,960,10,Routine,Adult,New,Complex Care Review,Medium,Complex,4.1,39.4
P00859,2026-05-25,Monday,Clinic A,16:00,960,15:00-17:00,1,,,,Urgent,Adult,New,Post-op Follow-up,Low,General,,
P00860,2026-05-25,Monday,Clinic A,16:10,970,15:00-17:00,0,16:07,967,-3,Routine,Adult,Follow-up,General Review,High,General,5.9,14.1
P00861,2026-05-25,Monday,Clinic B,16:20,980,15:00-17:00,0,16:07,967,-13,Routine,Adult,Follow-up,Post-op Follow-up,Low,General,8.1,21.0
P00862,2026-05-25,Monday,Clinic A,16:30,990,15:00-17:00,0,16:19,979,-11,Routine,Senior,Follow-up,General Review,Low,General,6.0,11.6
P00863,2026-05-25,Monday,Clinic A,16:40,1000,15:00-17:00,0,16:56,1016,16,Routine,Senior,Follow-up,General Review,Low,General,8.2,13.4
P00864,2026-05-25,Monday,Clinic A,16:50,1010,15:00-17:00,0,16:36,996,-14,Routine,Adult,Follow-up,Post-op Follow-up,Low,General,5.3,19.2
P00865,2026-05-26,Tuesday,Clinic A,08:00,480,08:00-10:00,0,07:55,475,-5,Routine,Senior,Follow-up,General Review,Medium,General,7.7,16.3
P00866,2026-05-26,Tuesday,Clinic A,08:08,488,08:00-10:00,0,07:59,479,-9,Routine,Senior,Follow-up,Physiotherapy Review,High,Rehab,8.0,36.9
P00867,2026-05-26,Tuesday,Clinic A,08:16,496,08:00-10:00,0,08:08,488,-8,Routine,Senior,New,General Review,Low,General,7.3,12.9
P00868,2026-05-26,Tuesday,Clinic A,08:24,504,08:00-10:00,0,08:36,516,12,Routine,Senior,Follow-up,Post-op Follow-up,Medium,General,6.4,21.8
P00869,2026-05-26,Tuesday,Clinic A,08:32,512,08:00-10:00,0,08:18,498,-14,Routine,Adult,Follow-up,Complex Care Review,Low,Complex,4.4,25.5
P00870,2026-05-26,Tuesday,Clinic B,08:40,520,08:00-10:00,0,08:40,520,0,Routine,Senior,Follow-up,Complex Care Review,Medium,Complex,7.5,35.0
P00871,2026-05-26,Tuesday,Clinic A,08:48,528,08:00-10:00,0,08:41,521,-7,Routine,Senior,Follow-up,Physiotherapy Review,Low,Rehab,5.1,25.2
P00872,2026-05-26,Tuesday,Clinic A,08:56,536,08:00-10:00,0,08:55,535,-1,Routine,Adult,New,Post-op Follow-up,High,General,8.6,24.5
P00873,2026-05-26,Tuesday,Clinic A,09:04,544,08:00-10:00,0,08:56,536,-8,Routine,Adult,Follow-up,Complex Care Review,Medium,Complex,4.6,36.0
P00874,2026-05-26,Tuesday,Clinic A,09:12,552,08:00-10:00,0,09:06,546,-6,Routine,Senior,Follow-up,Post-op Follow-up,Medium,General,5.2,23.5
P00875,2026-05-26,Tuesday,Clinic A,09:20,560,08:00-10:00,0,09:20,560,0,Routine,Adult,Follow-up,General Review,Low,General,6.0,14.4
P00876,2026-05-26,Tuesday,Clinic A,09:28,568,08:00-10:00,0,09:22,562,-6,Routine,Adult,Follow-up,General Review,Medium,General,7.7,14.5
P00877,2026-05-26,Tuesday,Clinic A,09:36,576,08:00-10:00,0,09:45,585,9,Routine,Adult,New,General Review,Medium,General,5.9,16.2
P00878,2026-05-26,Tuesday,Clinic A,09:44,584,08:00-10:00,0,09:32,572,-12,Routine,Adult,Follow-up,Post-op Follow-up,Low,General,5.0,18.9
P00879,2026-05-26,Tuesday,Clinic B,09:52,592,08:00-10:00,0,09:41,581,-11,Routine,Senior,Follow-up,General Review,Low,General,5.7,15.3
P00880,2026-05-26,Tuesday,Clinic A,10:00,600,10:00-12:00,1,,,,Routine,Adult,New,General Review,Medium,General,,
P00881,2026-05-26,Tuesday,Clinic A,10:08,608,10:00-12:00,0,09:58,598,-10,Routine,Senior,Follow-up,Complex Care Review,Low,Complex,6.4,39.7
P00882,2026-05-26,Tuesday,Clinic A,10:16,616,10:00-12:00,0,10:08,608,-8,Urgent,Senior,New,Post-op Follow-up,Low,General,6.8,22.3
P00883,2026-05-26,Tuesday,Clinic A,10:24,624,10:00-12:00,1,,,,Routine,Adult,New,General Review,Low,General,,
P00884,2026-05-26,Tuesday,Clinic A,10:32,632,10:00-12:00,0,10:40,640,8,Routine,Senior,New,Post-op Follow-up,Low,General,6.3,21.6
P00885,2026-05-26,Tuesday,Clinic B,10:40,640,10:00-12:00,0,10:36,636,-4,Routine,Adult,Follow-up,General Review,Low,General,3.4,14.7
P00886,2026-05-26,Tuesday,Clinic A,10:48,648,10:00-12:00,0,10:33,633,-15,Routine,Senior,Follow-up,General Review,Low,General,8.3,15.8
P00887,2026-05-26,Tuesday,Clinic B,10:56,656,10:00-12:00,0,11:02,662,6,Routine,Adult,New,General Review,High,General,6.4,16.1
P00888,2026-05-26,Tuesday,Clinic A,11:04,664,10:00-12:00,0,10:57,657,-7,Routine,Adult,New,Post-op Follow-up,High,General,5.1,24.5
P00889,2026-05-26,Tuesday,Clinic A,11:12,672,10:00-12:00,0,11:19,679,7,Routine,Adult,New,General Review,Low,General,6.5,14.1
P00890,2026-05-26,Tuesday,Clinic A,11:20,680,10:00-12:00,0,11:31,691,11,Routine,Senior,Follow-up,General Review,Medium,General,7.8,18.5
P00891,2026-05-26,Tuesday,Clinic A,11:28,688,10:00-12:00,0,11:12,672,-16,Routine,Senior,Follow-up,General Review,Medium,General,7.2,14.7
P00892,2026-05-26,Tuesday,Clinic B,11:36,696,10:00-12:00,0,11:25,685,-11,Routine,Adult,Follow-up,Physiotherapy Review,Medium,Rehab,6.8,31.2
P00893,2026-05-26,Tuesday,Clinic A,11:44,704,10:00-12:00,0,11:42,702,-2,Routine,Adult,Follow-up,Post-op Follow-up,Medium,General,6.3,18.8
P00894,2026-05-26,Tuesday,Clinic B,11:52,712,10:00-12:00,1,,,,Routine,Adult,New,General Review,Low,General,,
P00895,2026-05-26,Tuesday,Clinic A,13:00,780,13:00-15:00,0,12:54,774,-6,Routine,Adult,Follow-up,Physiotherapy Review,Low,Rehab,5.9,28.7
P00896,2026-05-26,Tuesday,Clinic A,13:10,790,13:00-15:00,0,13:03,783,-7,Routine,Adult,Follow-up,Post-op Follow-up,Low,General,6.9,17.0
P00897,2026-05-26,Tuesday,Clinic A,13:20,800,13:00-15:00,0,13:15,795,-5,Routine,Senior,Follow-up,General Review,Low,General,7.5,11.6
P00898,2026-05-26,Tuesday,Clinic B,13:30,810,13:00-15:00,0,13:21,801,-9,Routine,Adult,Follow-up,Physiotherapy Review,Low,Rehab,5.8,25.7
P00899,2026-05-26,Tuesday,Clinic B,13:40,820,13:00-15:00,0,13:31,811,-9,Urgent,Adult,Follow-up,Physiotherapy Review,Low,Rehab,5.3,25.1
P00900,2026-05-26,Tuesday,Clinic B,13:50,830,13:00-15:00,0,13:48,828,-2,Urgent,Adult,New,Complex Care Review,Medium,Complex,6.5,45.9
P00901,2026-05-26,Tuesday,Clinic B,14:00,840,13:00-15:00,0,13:54,834,-6,Routine,Senior,Follow-up,Post-op Follow-up,Low,General,6.2,18.9
P00902,2026-05-26,Tuesday,Clinic A,14:10,850,13:00-15:00,1,,,,Routine,Senior,New,Physiotherapy Review,Medium,Rehab,,
P00903,2026-05-26,Tuesday,Clinic A,14:20,860,13:00-15:00,0,14:09,849,-11,Routine,Adult,New,General Review,Medium,General,5.2,11.9
P00904,2026-05-26,Tuesday,Clinic A,14:30,870,13:00-15:00,0,14:27,867,-3,Routine,Senior,Follow-up,Complex Care Review,Medium,Complex,6.4,37.9
P00905,2026-05-26,Tuesday,Clinic A,14:40,880,13:00-15:00,0,14:37,877,-3,Routine,Adult,Follow-up,General Review,Low,General,6.2,13.8
P00906,2026-05-26,Tuesday,Clinic A,14:50,890,13:00-15:00,0,15:00,900,10,Routine,Senior,Follow-up,Post-op Follow-up,Medium,General,7.0,23.4
P00907,2026-05-26,Tuesday,Clinic B,15:00,900,15:00-17:00,0,14:54,894,-6,Routine,Senior,Follow-up,General Review,High,General,7.9,18.5
P00908,2026-05-26,Tuesday,Clinic B,15:10,910,15:00-17:00,0,15:26,926,16,Routine,Adult,Follow-up,Physiotherapy Review,Low,Rehab,5.3,29.5
P00909,2026-05-26,Tuesday,Clinic A,15:20,920,15:00-17:00,1,,,,Routine,Senior,Follow-up,Physiotherapy Review,Medium,Rehab,,
P00910,2026-05-26,Tuesday,Clinic B,15:30,930,15:00-17:00,0,15:37,937,7,Routine,Senior,Follow-up,Post-op Follow-up,Low,General,8.2,18.6
P00911,2026-05-26,Tuesday,Clinic A,15:40,940,15:00-17:00,0,15:33,933,-7,Routine,Adult,Follow-up,General Review,Low,General,7.3,14.3
P00912,2026-05-26,Tuesday,Clinic B,15:50,950,15:00-17:00,0,15:47,947,-3,Routine,Senior,New,Post-op Follow-up,Medium,General,5.7,23.3
P00913,2026-05-26,Tuesday,Clinic A,16:00,960,15:00-17:00,0,15:55,955,-5,Routine,Adult,Follow-up,General Review,Low,General,5.5,16.2
P00914,2026-05-26,Tuesday,Clinic B,16:10,970,15:00-17:00,0,16:05,965,-5,Routine,Senior,Follow-up,Post-op Follow-up,Low,General,6.7,18.8
P00915,2026-05-26,Tuesday,Clinic A,16:20,980,15:00-17:00,0,16:27,987,7,Routine,Senior,New,General Review,Medium,General,6.9,14.9
P00916,2026-05-26,Tuesday,Clinic B,16:30,990,15:00-17:00,0,16:28,988,-2,Routine,Adult,Follow-up,Physiotherapy Review,Low,Rehab,5.6,24.3
P00917,2026-05-26,Tuesday,Clinic B,16:40,1000,15:00-17:00,0,16:35,995,-5,Routine,Adult,Follow-up,General Review,Low,General,4.5,16.6
P00918,2026-05-26,Tuesday,Clinic B,16:50,1010,15:00-17:00,0,16:47,1007,-3,Urgent,Adult,Follow-up,General Review,Low,General,9.5,13.2
P00919,2026-05-27,Wednesday,Clinic B,08:00,480,08:00-10:00,0,07:51,471,-9,Urgent,Adult,Follow-up,Post-op Follow-up,High,General,6.2,21.6
P00920,2026-05-27,Wednesday,Clinic A,08:08,488,08:00-10:00,0,08:04,484,-4,Routine,Senior,New,Post-op Follow-up,Medium,General,6.3,17.5
P00921,2026-05-27,Wednesday,Clinic A,08:16,496,08:00-10:00,0,08:04,484,-12,Routine,Senior,Follow-up,General Review,Medium,General,10.0,16.5
P00922,2026-05-27,Wednesday,Clinic A,08:24,504,08:00-10:00,0,08:24,504,0,Urgent,Adult,Follow-up,Post-op Follow-up,Low,General,7.7,21.2
P00923,2026-05-27,Wednesday,Clinic A,08:32,512,08:00-10:00,0,08:25,505,-7,Routine,Senior,Follow-up,Complex Care Review,Medium,Complex,7.1,39.3
P00924,2026-05-27,Wednesday,Clinic B,08:40,520,08:00-10:00,0,08:38,518,-2,Routine,Adult,Follow-up,General Review,Low,General,4.1,12.8
P00925,2026-05-27,Wednesday,Clinic B,08:48,528,08:00-10:00,0,08:45,525,-3,Urgent,Senior,Follow-up,Post-op Follow-up,Low,General,7.8,20.0
P00926,2026-05-27,Wednesday,Clinic B,08:56,536,08:00-10:00,0,08:48,528,-8,Routine,Senior,Follow-up,Complex Care Review,Low,Complex,6.0,29.8
P00927,2026-05-27,Wednesday,Clinic A,09:04,544,08:00-10:00,0,08:50,530,-14,Routine,Adult,Follow-up,General Review,Medium,General,3.5,15.7
P00928,2026-05-27,Wednesday,Clinic A,09:12,552,08:00-10:00,0,09:03,543,-9,Urgent,Senior,New,Physiotherapy Review,Low,Rehab,7.9,31.0
P00929,2026-05-27,Wednesday,Clinic B,09:20,560,08:00-10:00,0,09:25,565,5,Routine,Adult,Follow-up,General Review,Medium,General,5.6,11.5
P00930,2026-05-27,Wednesday,Clinic B,09:28,568,08:00-10:00,1,,,,Routine,Adult,Follow-up,Post-op Follow-up,Medium,General,,
P00931,2026-05-27,Wednesday,Clinic B,09:36,576,08:00-10:00,0,09:38,578,2,Routine,Senior,New,Physiotherapy Review,Medium,Rehab,7.9,32.5
P00932,2026-05-27,Wednesday,Clinic A,09:44,584,08:00-10:00,0,09:38,578,-6,Routine,Adult,Follow-up,Physiotherapy Review,Medium,Rehab,5.6,31.9
P00933,2026-05-27,Wednesday,Clinic A,09:52,592,08:00-10:00,0,10:03,603,11,Routine,Adult,Follow-up,General Review,Low,General,4.6,14.8
P00934,2026-05-27,Wednesday,Clinic A,10:00,600,10:00-12:00,0,09:56,596,-4,Routine,Senior,Follow-up,Physiotherapy Review,Low,Rehab,7.5,23.1
P00935,2026-05-27,Wednesday,Clinic A,10:08,608,10:00-12:00,1,,,,Urgent,Adult,Follow-up,Post-op Follow-up,Medium,General,,
P00936,2026-05-27,Wednesday,Clinic A,10:16,616,10:00-12:00,0,10:05,605,-11,Routine,Senior,New,General Review,Low,General,6.1,13.8
P00937,2026-05-27,Wednesday,Clinic A,10:24,624,10:00-12:00,0,10:17,617,-7,Routine,Adult,Follow-up,Physiotherapy Review,Low,Rehab,5.1,29.8
P00938,2026-05-27,Wednesday,Clinic B,10:32,632,10:00-12:00,0,10:51,651,19,Routine,Adult,Follow-up,Physiotherapy Review,Medium,Rehab,6.5,25.9
P00939,2026-05-27,Wednesday,Clinic A,10:40,640,10:00-12:00,0,10:32,632,-8,Routine,Adult,Follow-up,General Review,Low,General,7.2,13.4
P00940,2026-05-27,Wednesday,Clinic A,10:48,648,10:00-12:00,0,10:41,641,-7,Routine,Adult,Follow-up,Physiotherapy Review,High,Rehab,5.4,39.0
P00941,2026-05-27,Wednesday,Clinic B,10:56,656,10:00-12:00,0,10:44,644,-12,Routine,Adult,Follow-up,General Review,Low,General,3.9,15.5
P00942,2026-05-27,Wednesday,Clinic B,11:04,664,10:00-12:00,0,10:56,656,-8,Routine,Senior,Follow-up,General Review,Low,General,7.6,16.0
P00943,2026-05-27,Wednesday,Clinic B,11:12,672,10:00-12:00,0,11:22,682,10,Routine,Adult,Follow-up,General Review,High,General,5.0,18.6
P00944,2026-05-27,Wednesday,Clinic B,11:20,680,10:00-12:00,0,11:05,665,-15,Routine,Adult,New,General Review,Medium,General,4.1,18.0
P00945,2026-05-27,Wednesday,Clinic A,11:28,688,10:00-12:00,0,11:28,688,0,Routine,Adult,Follow-up,Post-op Follow-up,Medium,General,7.5,18.6
P00946,2026-05-27,Wednesday,Clinic A,11:36,696,10:00-12:00,0,11:33,693,-3,Routine,Adult,New,Post-op Follow-up,High,General,7.8,20.6
P00947,2026-05-27,Wednesday,Clinic B,11:44,704,10:00-12:00,0,11:44,704,0,Routine,Senior,Follow-up,General Review,Low,General,7.5,14.3
P00948,2026-05-27,Wednesday,Clinic B,11:52,712,10:00-12:00,0,11:40,700,-12,Routine,Senior,New,General Review,Medium,General,5.7,13.1
P00949,2026-05-27,Wednesday,Clinic B,13:00,780,13:00-15:00,0,13:15,795,15,Routine,Adult,Follow-up,General Review,Medium,General,6.9,15.4
P00950,2026-05-27,Wednesday,Clinic B,13:10,790,13:00-15:00,0,13:05,785,-5,Routine,Senior,Follow-up,General Review,Medium,General,6.5,15.2
P00951,2026-05-27,Wednesday,Clinic A,13:20,800,13:00-15:00,0,13:12,792,-8,Routine,Adult,Follow-up,Post-op Follow-up,Low,General,4.7,19.3
P00952,2026-05-27,Wednesday,Clinic B,13:30,810,13:00-15:00,1,,,,Routine,Adult,Follow-up,Post-op Follow-up,High,General,,
P00953,2026-05-27,Wednesday,Clinic A,13:40,820,13:00-15:00,1,,,,Routine,Senior,Follow-up,Physiotherapy Review,Low,Rehab,,
P00954,2026-05-27,Wednesday,Clinic A,13:50,830,13:00-15:00,0,13:33,813,-17,Routine,Adult,Follow-up,Physiotherapy Review,Medium,Rehab,6.8,26.5
P00955,2026-05-27,Wednesday,Clinic B,14:00,840,13:00-15:00,0,13:52,832,-8,Routine,Adult,Follow-up,General Review,Medium,General,4.4,18.3
P00956,2026-05-27,Wednesday,Clinic A,14:10,850,13:00-15:00,0,14:11,851,1,Routine,Senior,Follow-up,Complex Care Review,High,Complex,6.2,29.1
P00957,2026-05-27,Wednesday,Clinic B,14:20,860,13:00-15:00,0,14:20,860,0,Urgent,Adult,New,Post-op Follow-up,Low,General,8.3,25.3
P00958,2026-05-27,Wednesday,Clinic B,14:30,870,13:00-15:00,0,14:23,863,-7,Routine,Senior,Follow-up,General Review,Low,General,5.8,16.7
P00959,2026-05-27,Wednesday,Clinic B,14:40,880,13:00-15:00,0,14:36,876,-4,Routine,Adult,New,Physiotherapy Review,Low,Rehab,5.4,28.0
P00960,2026-05-27,Wednesday,Clinic A,14:50,890,13:00-15:00,0,15:04,904,14,Routine,Senior,Follow-up,Post-op Follow-up,High,General,9.5,26.3
P00961,2026-05-27,Wednesday,Clinic B,15:00,900,15:00-17:00,0,15:00,900,0,Routine,Adult,New,Post-op Follow-up,Medium,General,5.9,21.4
P00962,2026-05-27,Wednesday,Clinic B,15:10,910,15:00-17:00,0,15:09,909,-1,Routine,Senior,Follow-up,Complex Care Review,Medium,Complex,5.7,37.2
P00963,2026-05-27,Wednesday,Clinic B,15:20,920,15:00-17:00,0,15:06,906,-14,Routine,Adult,Follow-up,General Review,Low,General,4.1,15.4
P00964,2026-05-27,Wednesday,Clinic A,15:30,930,15:00-17:00,0,15:29,929,-1,Routine,Adult,Follow-up,General Review,High,General,6.8,21.2
P00965,2026-05-27,Wednesday,Clinic A,15:40,940,15:00-17:00,1,,,,Routine,Senior,Follow-up,Physiotherapy Review,Medium,Rehab,,
P00966,2026-05-27,Wednesday,Clinic B,15:50,950,15:00-17:00,0,15:48,948,-2,Routine,Senior,Follow-up,Physiotherapy Review,Medium,Rehab,8.2,21.8
P00967,2026-05-27,Wednesday,Clinic B,16:00,960,15:00-17:00,1,,,,Routine,Senior,Follow-up,Complex Care Review,High,Complex,,
P00968,2026-05-27,Wednesday,Clinic B,16:10,970,15:00-17:00,0,16:02,962,-8,Routine,Adult,Follow-up,Complex Care Review,Low,Complex,4.8,38.3
P00969,2026-05-27,Wednesday,Clinic B,16:20,980,15:00-17:00,0,16:15,975,-5,Routine,Senior,Follow-up,General Review,Low,General,6.4,15.1
P00970,2026-05-27,Wednesday,Clinic A,16:30,990,15:00-17:00,0,16:29,989,-1,Routine,Adult,Follow-up,General Review,Medium,General,5.2,14.4
P00971,2026-05-27,Wednesday,Clinic B,16:40,1000,15:00-17:00,0,16:40,1000,0,Urgent,Adult,Follow-up,Physiotherapy Review,Low,Rehab,7.7,32.9
P00972,2026-05-27,Wednesday,Clinic B,16:50,1010,15:00-17:00,0,16:39,999,-11,Routine,Adult,Follow-up,General Review,High,General,5.7,18.1
P00973,2026-05-28,Thursday,Clinic B,08:00,480,08:00-10:00,0,08:00,480,0,Routine,Adult,Follow-up,Complex Care Review,Medium,Complex,5.6,36.3
P00974,2026-05-28,Thursday,Clinic A,08:08,488,08:00-10:00,0,08:05,485,-3,Routine,Senior,Follow-up,Post-op Follow-up,Medium,General,5.2,21.0
P00975,2026-05-28,Thursday,Clinic B,08:16,496,08:00-10:00,0,08:11,491,-5,Routine,Senior,New,Post-op Follow-up,Low,General,5.5,19.9
P00976,2026-05-28,Thursday,Clinic A,08:24,504,08:00-10:00,0,08:21,501,-3,Routine,Senior,New,Post-op Follow-up,High,General,7.2,23.3
P00977,2026-05-28,Thursday,Clinic B,08:32,512,08:00-10:00,0,08:20,500,-12,Routine,Adult,Follow-up,Post-op Follow-up,Low,General,5.1,16.7
P00978,2026-05-28,Thursday,Clinic A,08:40,520,08:00-10:00,0,08:35,515,-5,Routine,Adult,Follow-up,Physiotherapy Review,Low,Rehab,4.5,27.9
P00979,2026-05-28,Thursday,Clinic B,08:48,528,08:00-10:00,0,08:52,532,4,Routine,Adult,Follow-up,Complex Care Review,High,Complex,4.3,38.2
P00980,2026-05-28,Thursday,Clinic B,08:56,536,08:00-10:00,0,08:56,536,0,Routine,Adult,Follow-up,Post-op Follow-up,Low,General,5.0,21.1
P00981,2026-05-28,Thursday,Clinic A,09:04,544,08:00-10:00,0,09:16,556,12,Routine,Adult,Follow-up,Complex Care Review,Low,Complex,3.2,33.2
P00982,2026-05-28,Thursday,Clinic B,09:12,552,08:00-10:00,1,,,,Routine,Senior,New,Complex Care Review,High,Complex,,
P00983,2026-05-28,Thursday,Clinic B,09:20,560,08:00-10:00,0,09:12,552,-8,Urgent,Adult,Follow-up,Physiotherapy Review,Medium,Rehab,8.1,27.2
P00984,2026-05-28,Thursday,Clinic A,09:28,568,08:00-10:00,1,,,,Urgent,Senior,Follow-up,Post-op Follow-up,High,General,,
P00985,2026-05-28,Thursday,Clinic B,09:36,576,08:00-10:00,0,09:30,570,-6,Routine,Senior,Follow-up,Complex Care Review,Medium,Complex,9.0,35.9
P00986,2026-05-28,Thursday,Clinic A,09:44,584,08:00-10:00,0,09:36,576,-8,Routine,Adult,Follow-up,General Review,Medium,General,7.6,18.5
P00987,2026-05-28,Thursday,Clinic A,09:52,592,08:00-10:00,0,09:51,591,-1,Routine,Adult,Follow-up,General Review,Medium,General,5.6,14.8
P00988,2026-05-28,Thursday,Clinic A,10:00,600,10:00-12:00,0,09:53,593,-7,Urgent,Adult,New,General Review,Low,General,5.5,15.9
P00989,2026-05-28,Thursday,Clinic A,10:08,608,10:00-12:00,0,10:06,606,-2,Routine,Senior,Follow-up,Post-op Follow-up,Low,General,8.8,20.3
P00990,2026-05-28,Thursday,Clinic B,10:16,616,10:00-12:00,0,10:01,601,-15,Routine,Adult,Follow-up,General Review,High,General,6.5,16.7
P00991,2026-05-28,Thursday,Clinic A,10:24,624,10:00-12:00,0,10:24,624,0,Urgent,Senior,New,General Review,High,General,6.6,22.9
P00992,2026-05-28,Thursday,Clinic A,10:32,632,10:00-12:00,0,10:39,639,7,Routine,Senior,Follow-up,Physiotherapy Review,High,Rehab,7.6,27.0
P00993,2026-05-28,Thursday,Clinic B,10:40,640,10:00-12:00,0,10:33,633,-7,Urgent,Adult,Follow-up,Post-op Follow-up,Medium,General,6.3,22.3
P00994,2026-05-28,Thursday,Clinic B,10:48,648,10:00-12:00,0,10:42,642,-6,Routine,Senior,Follow-up,Post-op Follow-up,Low,General,6.1,16.6
P00995,2026-05-28,Thursday,Clinic A,10:56,656,10:00-12:00,0,10:45,645,-11,Urgent,Senior,Follow-up,General Review,Low,General,7.9,12.7
P00996,2026-05-28,Thursday,Clinic A,11:04,664,10:00-12:00,0,11:05,665,1,Routine,Senior,Follow-up,Post-op Follow-up,Low,General,6.4,17.3
P00997,2026-05-28,Thursday,Clinic B,11:12,672,10:00-12:00,0,11:02,662,-10,Routine,Adult,New,Post-op Follow-up,Low,General,6.6,17.4
P00998,2026-05-28,Thursday,Clinic A,11:20,680,10:00-12:00,0,11:15,675,-5,Routine,Senior,Follow-up,Complex Care Review,High,Complex,7.2,36.0
P00999,2026-05-28,Thursday,Clinic A,11:28,688,10:00-12:00,1,,,,Routine,Adult,Follow-up,General Review,Medium,General,,
P01000,2026-05-28,Thursday,Clinic A,11:36,696,10:00-12:00,0,11:31,691,-5,Urgent,Senior,Follow-up,General Review,Low,General,8.6,14.4
P01001,2026-05-28,Thursday,Clinic B,11:44,704,10:00-12:00,0,11:36,696,-8,Routine,Adult,New,Post-op Follow-up,Medium,General,5.8,17.8
P01002,2026-05-28,Thursday,Clinic B,11:52,712,10:00-12:00,0,11:48,708,-4,Routine,Senior,Follow-up,General Review,Low,General,7.0,13.8
P01003,2026-05-28,Thursday,Clinic B,13:00,780,13:00-15:00,0,13:11,791,11,Routine,Adult,Follow-up,General Review,Medium,General,7.3,13.7
P01004,2026-05-28,Thursday,Clinic A,13:10,790,13:00-15:00,0,13:20,800,10,Routine,Adult,Follow-up,Post-op Follow-up,Low,General,7.8,19.0
P01005,2026-05-28,Thursday,Clinic A,13:20,800,13:00-15:00,0,13:13,793,-7,Routine,Adult,Follow-up,General Review,Low,General,4.6,12.5
P01006,2026-05-28,Thursday,Clinic B,13:30,810,13:00-15:00,0,13:26,806,-4,Urgent,Senior,Follow-up,Post-op Follow-up,Medium,General,6.0,25.2
P01007,2026-05-28,Thursday,Clinic A,13:40,820,13:00-15:00,0,13:25,805,-15,Routine,Adult,Follow-up,General Review,Low,General,5.3,14.9
P01008,2026-05-28,Thursday,Clinic A,13:50,830,13:00-15:00,0,13:41,821,-9,Routine,Adult,Follow-up,Physiotherapy Review,Low,Rehab,5.2,26.2
P01009,2026-05-28,Thursday,Clinic B,14:00,840,13:00-15:00,0,14:19,859,19,Urgent,Senior,Follow-up,General Review,Medium,General,7.9,19.0
P01010,2026-05-28,Thursday,Clinic A,14:10,850,13:00-15:00,0,13:59,839,-11,Routine,Adult,Follow-up,General Review,Medium,General,7.0,15.4
P01011,2026-05-28,Thursday,Clinic A,14:20,860,13:00-15:00,0,14:31,871,11,Routine,Adult,Follow-up,Complex Care Review,Low,Complex,5.7,34.2
P01012,2026-05-28,Thursday,Clinic A,14:30,870,13:00-15:00,0,14:30,870,0,Routine,Adult,Follow-up,Complex Care Review,Low,Complex,5.1,33.1
P01013,2026-05-28,Thursday,Clinic B,14:40,880,13:00-15:00,0,14:53,893,13,Urgent,Adult,Follow-up,Physiotherapy Review,Medium,Rehab,9.2,42.1
P01014,2026-05-28,Thursday,Clinic B,14:50,890,13:00-15:00,1,,,,Routine,Adult,Follow-up,General Review,Low,General,,
P01015,2026-05-28,Thursday,Clinic A,15:00,900,15:00-17:00,0,14:51,891,-9,Urgent,Adult,Follow-up,Post-op Follow-up,Low,General,8.5,20.3
P01016,2026-05-28,Thursday,Clinic A,15:10,910,15:00-17:00,0,15:04,904,-6,Routine,Adult,New,Complex Care Review,High,Complex,5.4,39.1
P01017,2026-05-28,Thursday,Clinic B,15:20,920,15:00-17:00,0,15:14,914,-6,Routine,Senior,Follow-up,General Review,Low,General,4.6,16.3
P01018,2026-05-28,Thursday,Clinic A,15:30,930,15:00-17:00,0,15:43,943,13,Routine,Senior,Follow-up,Post-op Follow-up,Medium,General,6.9,22.8
P01019,2026-05-28,Thursday,Clinic A,15:40,940,15:00-17:00,0,15:40,940,0,Routine,Adult,Follow-up,Complex Care Review,Medium,Complex,6.9,39.8
P01020,2026-05-28,Thursday,Clinic A,15:50,950,15:00-17:00,1,,,,Routine,Senior,Follow-up,General Review,Medium,General,,
P01021,2026-05-28,Thursday,Clinic B,16:00,960,15:00-17:00,1,,,,Urgent,Adult,Follow-up,Physiotherapy Review,Medium,Rehab,,
P01022,2026-05-28,Thursday,Clinic A,16:10,970,15:00-17:00,0,16:08,968,-2,Routine,Adult,Follow-up,General Review,Medium,General,4.0,17.1
P01023,2026-05-28,Thursday,Clinic B,16:20,980,15:00-17:00,0,16:05,965,-15,Routine,Adult,New,General Review,Medium,General,5.9,13.2
P01024,2026-05-28,Thursday,Clinic A,16:30,990,15:00-17:00,0,16:15,975,-15,Routine,Adult,New,General Review,Low,General,8.2,14.9
P01025,2026-05-28,Thursday,Clinic B,16:40,1000,15:00-17:00,0,16:46,1006,6,Urgent,Adult,Follow-up,General Review,Low,General,6.5,16.1
P01026,2026-05-28,Thursday,Clinic A,16:50,1010,15:00-17:00,0,16:46,1006,-4,Routine,Adult,New,Complex Care Review,Medium,Complex,6.5,40.4
P01027,2026-05-29,Friday,Clinic A,08:00,480,08:00-10:00,0,07:59,479,-1,Routine,Adult,New,Complex Care Review,High,Complex,4.8,38.2
P01028,2026-05-29,Friday,Clinic B,08:08,488,08:00-10:00,0,08:07,487,-1,Routine,Adult,Follow-up,General Review,Medium,General,5.5,15.7
P01029,2026-05-29,Friday,Clinic A,08:16,496,08:00-10:00,0,08:13,493,-3,Routine,Adult,New,Post-op Follow-up,Medium,General,8.0,21.6
P01030,2026-05-29,Friday,Clinic A,08:24,504,08:00-10:00,0,08:20,500,-4,Routine,Adult,Follow-up,Post-op Follow-up,Low,General,5.8,19.4
P01031,2026-05-29,Friday,Clinic B,08:32,512,08:00-10:00,1,,,,Routine,Senior,Follow-up,General Review,High,General,,
P01032,2026-05-29,Friday,Clinic B,08:40,520,08:00-10:00,0,08:34,514,-6,Routine,Senior,Follow-up,General Review,Medium,General,8.1,18.1
P01033,2026-05-29,Friday,Clinic A,08:48,528,08:00-10:00,0,08:38,518,-10,Urgent,Senior,Follow-up,Post-op Follow-up,Low,General,7.5,26.9
P01034,2026-05-29,Friday,Clinic A,08:56,536,08:00-10:00,0,09:05,545,9,Routine,Adult,Follow-up,General Review,Medium,General,4.6,11.0
P01035,2026-05-29,Friday,Clinic B,09:04,544,08:00-10:00,0,09:02,542,-2,Routine,Senior,New,Complex Care Review,Low,Complex,6.4,35.7
P01036,2026-05-29,Friday,Clinic B,09:12,552,08:00-10:00,0,09:30,570,18,Routine,Adult,Follow-up,Post-op Follow-up,Low,General,4.9,17.5
P01037,2026-05-29,Friday,Clinic A,09:20,560,08:00-10:00,0,09:32,572,12,Routine,Senior,Follow-up,General Review,Medium,General,5.5,15.0
P01038,2026-05-29,Friday,Clinic A,09:28,568,08:00-10:00,0,09:24,564,-4,Routine,Adult,New,General Review,Low,General,5.5,12.1
P01039,2026-05-29,Friday,Clinic B,09:36,576,08:00-10:00,0,09:20,560,-16,Routine,Adult,Follow-up,General Review,Low,General,5.0,15.2
P01040,2026-05-29,Friday,Clinic A,09:44,584,08:00-10:00,1,,,,Routine,Adult,Follow-up,Post-op Follow-up,Medium,General,,
P01041,2026-05-29,Friday,Clinic A,09:52,592,08:00-10:00,0,10:06,606,14,Routine,Adult,Follow-up,General Review,Low,General,5.2,11.4
P01042,2026-05-29,Friday,Clinic B,10:00,600,10:00-12:00,0,09:57,597,-3,Routine,Adult,Follow-up,Post-op Follow-up,Low,General,4.7,15.8
P01043,2026-05-29,Friday,Clinic B,10:08,608,10:00-12:00,0,10:20,620,12,Routine,Senior,Follow-up,Post-op Follow-up,Low,General,5.3,18.8
P01044,2026-05-29,Friday,Clinic A,10:16,616,10:00-12:00,0,10:10,610,-6,Routine,Adult,New,General Review,Medium,General,3.7,13.8
P01045,2026-05-29,Friday,Clinic B,10:24,624,10:00-12:00,0,10:42,642,18,Routine,Adult,New,Post-op Follow-up,Low,General,6.0,18.0
P01046,2026-05-29,Friday,Clinic B,10:32,632,10:00-12:00,0,10:31,631,-1,Routine,Senior,Follow-up,Physiotherapy Review,Low,Rehab,6.5,32.8
P01047,2026-05-29,Friday,Clinic B,10:40,640,10:00-12:00,0,10:29,629,-11,Routine,Senior,New,General Review,Low,General,7.4,14.8
P01048,2026-05-29,Friday,Clinic A,10:48,648,10:00-12:00,0,10:39,639,-9,Routine,Senior,Follow-up,Post-op Follow-up,Low,General,4.1,21.8
P01049,2026-05-29,Friday,Clinic A,10:56,656,10:00-12:00,0,10:57,657,1,Routine,Adult,New,General Review,High,General,5.8,17.5
P01050,2026-05-29,Friday,Clinic B,11:04,664,10:00-12:00,0,11:00,660,-4,Urgent,Senior,Follow-up,Physiotherapy Review,Medium,Rehab,7.3,25.3
P01051,2026-05-29,Friday,Clinic A,11:12,672,10:00-12:00,0,11:12,672,0,Routine,Senior,Follow-up,General Review,Low,General,6.7,16.1
P01052,2026-05-29,Friday,Clinic A,11:20,680,10:00-12:00,0,11:20,680,0,Routine,Senior,Follow-up,Physiotherapy Review,Low,Rehab,4.9,30.7
P01053,2026-05-29,Friday,Clinic B,11:28,688,10:00-12:00,0,11:19,679,-9,Routine,Adult,New,Post-op Follow-up,Medium,General,3.6,22.0
P01054,2026-05-29,Friday,Clinic A,11:36,696,10:00-12:00,0,11:31,691,-5,Routine,Adult,Follow-up,General Review,Medium,General,6.8,11.5
P01055,2026-05-29,Friday,Clinic B,11:44,704,10:00-12:00,0,11:37,697,-7,Routine,Senior,Follow-up,General Review,High,General,6.3,18.3
P01056,2026-05-29,Friday,Clinic A,11:52,712,10:00-12:00,0,11:46,706,-6,Routine,Adult,Follow-up,Post-op Follow-up,Medium,General,6.5,19.4
P01057,2026-05-29,Friday,Clinic A,13:00,780,13:00-15:00,0,12:52,772,-8,Routine,Adult,Follow-up,General Review,Medium,General,5.3,16.4
P01058,2026-05-29,Friday,Clinic B,13:10,790,13:00-15:00,0,13:04,784,-6,Urgent,Adult,Follow-up,Physiotherapy Review,Low,Rehab,7.4,31.5
P01059,2026-05-29,Friday,Clinic A,13:20,800,13:00-15:00,0,13:08,788,-12,Routine,Adult,Follow-up,Physiotherapy Review,Medium,Rehab,5.5,21.1
P01060,2026-05-29,Friday,Clinic A,13:30,810,13:00-15:00,1,,,,Routine,Adult,Follow-up,Complex Care Review,Low,Complex,,
P01061,2026-05-29,Friday,Clinic A,13:40,820,13:00-15:00,1,,,,Routine,Adult,Follow-up,Physiotherapy Review,Medium,Rehab,,
P01062,2026-05-29,Friday,Clinic B,13:50,830,13:00-15:00,0,13:47,827,-3,Routine,Adult,Follow-up,Complex Care Review,Medium,Complex,6.4,46.0
P01063,2026-05-29,Friday,Clinic B,14:00,840,13:00-15:00,0,14:00,840,0,Routine,Adult,New,Post-op Follow-up,Medium,General,7.9,17.8
P01064,2026-05-29,Friday,Clinic B,14:10,850,13:00-15:00,0,14:09,849,-1,Routine,Adult,Follow-up,Post-op Follow-up,Low,General,3.4,20.1
P01065,2026-05-29,Friday,Clinic B,14:20,860,13:00-15:00,0,14:11,851,-9,Urgent,Adult,Follow-up,Post-op Follow-up,Medium,General,6.6,22.6
P01066,2026-05-29,Friday,Clinic A,14:30,870,13:00-15:00,0,14:23,863,-7,Urgent,Senior,Follow-up,Post-op Follow-up,High,General,10.3,22.8
P01067,2026-05-29,Friday,Clinic A,14:40,880,13:00-15:00,0,14:26,866,-14,Routine,Adult,Follow-up,General Review,Medium,General,6.3,15.2
P01068,2026-05-29,Friday,Clinic A,14:50,890,13:00-15:00,1,,,,Routine,Adult,Follow-up,Post-op Follow-up,Medium,General,,
P01069,2026-05-29,Friday,Clinic A,15:00,900,15:00-17:00,0,14:55,895,-5,Routine,Adult,New,Physiotherapy Review,Medium,Rehab,4.4,29.5
P01070,2026-05-29,Friday,Clinic A,15:10,910,15:00-17:00,1,,,,Routine,Senior,New,Post-op Follow-up,Medium,General,,
P01071,2026-05-29,Friday,Clinic B,15:20,920,15:00-17:00,0,15:18,918,-2,Routine,Adult,New,Post-op Follow-up,Low,General,5.8,19.5
P01072,2026-05-29,Friday,Clinic A,15:30,930,15:00-17:00,0,15:31,931,1,Routine,Senior,Follow-up,General Review,Low,General,7.2,13.7
P01073,2026-05-29,Friday,Clinic A,15:40,940,15:00-17:00,0,15:32,932,-8,Routine,Adult,Follow-up,Post-op Follow-up,Low,General,4.0,22.3
P01074,2026-05-29,Friday,Clinic A,15:50,950,15:00-17:00,0,15:44,944,-6,Urgent,Adult,New,General Review,Low,General,6.0,16.1
P01075,2026-05-29,Friday,Clinic B,16:00,960,15:00-17:00,0,15:56,956,-4,Routine,Adult,Follow-up,Post-op Follow-up,Low,General,5.2,18.7
P01076,2026-05-29,Friday,Clinic A,16:10,970,15:00-17:00,0,16:21,981,11,Routine,Senior,Follow-up,General Review,Low,General,6.3,14.7
P01077,2026-05-29,Friday,Clinic B,16:20,980,15:00-17:00,0,16:26,986,6,Routine,Adult,Follow-up,Post-op Follow-up,High,General,4.3,26.4
P01078,2026-05-29,Friday,Clinic A,16:30,990,15:00-17:00,0,16:36,996,6,Routine,Senior,Follow-up,Post-op Follow-up,Medium,General,7.1,19.7
P01079,2026-05-29,Friday,Clinic B,16:40,1000,15:00-17:00,0,16:32,992,-8,Routine,Senior,Follow-up,Post-op Follow-up,Low,General,6.7,22.2
P01080,2026-05-29,Friday,Clinic B,16:50,1010,15:00-17:00,0,16:44,1004,-6,Routine,Adult,Follow-up,Post-op Follow-up,Medium,General,6.7,21.8
P01081,2026-06-01,Monday,Clinic A,08:00,480,08:00-10:00,0,07:49,469,-11,Routine,Adult,Follow-up,Post-op Follow-up,Medium,General,4.2,22.1
P01082,2026-06-01,Monday,Clinic B,08:08,488,08:00-10:00,0,08:04,484,-4,Urgent,Adult,Follow-up,General Review,Medium,General,8.9,14.9
P01083,2026-06-01,Monday,Clinic B,08:16,496,08:00-10:00,0,08:11,491,-5,Routine,Adult,Follow-up,General Review,Medium,General,5.7,17.0
P01084,2026-06-01,Monday,Clinic A,08:24,504,08:00-10:00,0,08:26,506,2,Routine,Adult,Follow-up,Post-op Follow-up,Low,General,4.2,21.2
P01085,2026-06-01,Monday,Clinic A,08:32,512,08:00-10:00,0,08:36,516,4,Routine,Adult,Follow-up,General Review,Low,General,3.7,14.7
P01086,2026-06-01,Monday,Clinic A,08:40,520,08:00-10:00,1,,,,Urgent,Adult,Follow-up,General Review,Medium,General,,
P01087,2026-06-01,Monday,Clinic A,08:48,528,08:00-10:00,0,08:48,528,0,Routine,Adult,Follow-up,General Review,Low,General,8.1,13.5
P01088,2026-06-01,Monday,Clinic A,08:56,536,08:00-10:00,0,09:02,542,6,Routine,Senior,New,Post-op Follow-up,High,General,6.1,26.8
P01089,2026-06-01,Monday,Clinic A,09:04,544,08:00-10:00,0,08:46,526,-18,Routine,Senior,Follow-up,Post-op Follow-up,High,General,8.2,22.6
P01090,2026-06-01,Monday,Clinic B,09:12,552,08:00-10:00,0,09:10,550,-2,Routine,Senior,Follow-up,General Review,Low,General,5.6,14.0
P01091,2026-06-01,Monday,Clinic A,09:20,560,08:00-10:00,0,09:09,549,-11,Routine,Senior,New,General Review,Medium,General,5.6,14.4
P01092,2026-06-01,Monday,Clinic B,09:28,568,08:00-10:00,0,09:28,568,0,Routine,Adult,New,Complex Care Review,Medium,Complex,3.5,37.6
P01093,2026-06-01,Monday,Clinic A,09:36,576,08:00-10:00,1,,,,Routine,Adult,Follow-up,General Review,Low,General,,
P01094,2026-06-01,Monday,Clinic A,09:44,584,08:00-10:00,0,09:32,572,-12,Routine,Adult,New,General Review,Medium,General,5.1,11.8
P01095,2026-06-01,Monday,Clinic A,09:52,592,08:00-10:00,0,10:04,604,12,Routine,Adult,New,Post-op Follow-up,Medium,General,5.3,23.2
P01096,2026-06-01,Monday,Clinic B,10:00,600,10:00-12:00,0,10:04,604,4,Routine,Senior,Follow-up,Physiotherapy Review,Medium,Rehab,7.4,28.2
P01097,2026-06-01,Monday,Clinic A,10:08,608,10:00-12:00,0,10:29,629,21,Routine,Adult,Follow-up,Post-op Follow-up,Medium,General,6.7,21.1
P01098,2026-06-01,Monday,Clinic A,10:16,616,10:00-12:00,0,10:05,605,-11,Routine,Adult,Follow-up,Physiotherapy Review,Low,Rehab,7.4,25.5
P01099,2026-06-01,Monday,Clinic A,10:24,624,10:00-12:00,0,10:23,623,-1,Routine,Senior,Follow-up,General Review,Low,General,7.9,12.3
P01100,2026-06-01,Monday,Clinic A,10:32,632,10:00-12:00,0,10:54,654,22,Routine,Adult,Follow-up,General Review,Medium,General,6.4,17.4
P01101,2026-06-01,Monday,Clinic A,10:40,640,10:00-12:00,0,10:38,638,-2,Routine,Adult,Follow-up,Post-op Follow-up,Low,General,7.2,16.8
P01102,2026-06-01,Monday,Clinic A,10:48,648,10:00-12:00,1,,,,Urgent,Adult,Follow-up,General Review,Medium,General,,
P01103,2026-06-01,Monday,Clinic A,10:56,656,10:00-12:00,0,11:06,666,10,Routine,Senior,Follow-up,Physiotherapy Review,Medium,Rehab,7.3,31.7
P01104,2026-06-01,Monday,Clinic A,11:04,664,10:00-12:00,0,11:04,664,0,Routine,Adult,New,General Review,Medium,General,8.0,13.3
P01105,2026-06-01,Monday,Clinic A,11:12,672,10:00-12:00,0,11:21,681,9,Urgent,Senior,New,General Review,High,General,8.8,23.6
P01106,2026-06-01,Monday,Clinic A,11:20,680,10:00-12:00,0,11:14,674,-6,Routine,Adult,New,General Review,Medium,General,6.0,14.5
P01107,2026-06-01,Monday,Clinic B,11:28,688,10:00-12:00,0,11:20,680,-8,Routine,Adult,Follow-up,General Review,Medium,General,5.3,15.6
P01108,2026-06-01,Monday,Clinic B,11:36,696,10:00-12:00,0,11:30,690,-6,Routine,Adult,Follow-up,Complex Care Review,Medium,Complex,6.0,33.2
P01109,2026-06-01,Monday,Clinic A,11:44,704,10:00-12:00,0,11:35,695,-9,Routine,Adult,Follow-up,General Review,Low,General,6.8,16.1
P01110,2026-06-01,Monday,Clinic B,11:52,712,10:00-12:00,0,11:55,715,3,Urgent,Adult,Follow-up,General Review,Low,General,6.5,14.2
P01111,2026-06-01,Monday,Clinic A,13:00,780,13:00-15:00,1,,,,Routine,Senior,Follow-up,Post-op Follow-up,Low,General,,
P01112,2026-06-01,Monday,Clinic B,13:10,790,13:00-15:00,0,13:05,785,-5,Routine,Adult,New,Complex Care Review,Medium,Complex,6.4,36.7
P01113,2026-06-01,Monday,Clinic B,13:20,800,13:00-15:00,0,13:10,790,-10,Routine,Adult,Follow-up,General Review,Low,General,5.2,16.8
P01114,2026-06-01,Monday,Clinic B,13:30,810,13:00-15:00,0,13:17,797,-13,Routine,Senior,Follow-up,General Review,Medium,General,9.2,15.1
P01115,2026-06-01,Monday,Clinic B,13:40,820,13:00-15:00,0,13:31,811,-9,Routine,Senior,Follow-up,General Review,High,General,4.9,16.9
P01116,2026-06-01,Monday,Clinic A,13:50,830,13:00-15:00,0,13:42,822,-8,Routine,Senior,Follow-up,General Review,High,General,6.2,16.8
P01117,2026-06-01,Monday,Clinic A,14:00,840,13:00-15:00,0,13:55,835,-5,Routine,Senior,New,Physiotherapy Review,Low,Rehab,9.3,29.5
P01118,2026-06-01,Monday,Clinic B,14:10,850,13:00-15:00,0,14:13,853,3,Routine,Senior,Follow-up,Post-op Follow-up,Low,General,7.8,16.3
P01119,2026-06-01,Monday,Clinic B,14:20,860,13:00-15:00,0,14:07,847,-13,Routine,Adult,Follow-up,Complex Care Review,Low,Complex,7.4,38.8
P01120,2026-06-01,Monday,Clinic B,14:30,870,13:00-15:00,0,14:21,861,-9,Routine,Adult,Follow-up,Physiotherapy Review,Medium,Rehab,4.4,31.9
P01121,2026-06-01,Monday,Clinic B,14:40,880,13:00-15:00,0,14:31,871,-9,Routine,Adult,Follow-up,General Review,Low,General,4.9,14.7
P01122,2026-06-01,Monday,Clinic B,14:50,890,13:00-15:00,0,14:50,890,0,Urgent,Adult,Follow-up,Physiotherapy Review,Medium,Rehab,4.3,37.9
P01123,2026-06-01,Monday,Clinic B,15:00,900,15:00-17:00,0,14:51,891,-9,Routine,Adult,Follow-up,General Review,Low,General,6.2,14.8
P01124,2026-06-01,Monday,Clinic A,15:10,910,15:00-17:00,0,15:07,907,-3,Routine,Adult,Follow-up,Physiotherapy Review,Low,Rehab,7.0,29.7
P01125,2026-06-01,Monday,Clinic B,15:20,920,15:00-17:00,0,15:14,914,-6,Routine,Adult,Follow-up,Complex Care Review,High,Complex,6.3,48.7
P01126,2026-06-01,Monday,Clinic A,15:30,930,15:00-17:00,0,15:19,919,-11,Routine,Adult,Follow-up,Physiotherapy Review,Low,Rehab,3.7,22.5
P01127,2026-06-01,Monday,Clinic A,15:40,940,15:00-17:00,0,15:31,931,-9,Routine,Adult,Follow-up,General Review,Low,General,6.0,13.3
P01128,2026-06-01,Monday,Clinic B,15:50,950,15:00-17:00,1,,,,Urgent,Adult,Follow-up,Physiotherapy Review,Low,Rehab,,
P01129,2026-06-01,Monday,Clinic B,16:00,960,15:00-17:00,0,15:53,953,-7,Routine,Adult,Follow-up,Post-op Follow-up,High,General,3.7,29.8
P01130,2026-06-01,Monday,Clinic B,16:10,970,15:00-17:00,0,16:04,964,-6,Routine,Senior,New,General Review,Medium,General,6.5,17.6
P01131,2026-06-01,Monday,Clinic A,16:20,980,15:00-17:00,0,16:10,970,-10,Urgent,Senior,Follow-up,General Review,High,General,6.5,17.8
P01132,2026-06-01,Monday,Clinic B,16:30,990,15:00-17:00,1,,,,Routine,Adult,Follow-up,General Review,Medium,General,,
P01133,2026-06-01,Monday,Clinic B,16:40,1000,15:00-17:00,1,,,,Routine,Senior,Follow-up,Physiotherapy Review,Medium,Rehab,,
P01134,2026-06-01,Monday,Clinic B,16:50,1010,15:00-17:00,0,16:45,1005,-5,Routine,Senior,Follow-up,Post-op Follow-up,High,General,5.9,18.4
P01135,2026-06-02,Tuesday,Clinic A,08:00,480,08:00-10:00,0,07:52,472,-8,Routine,Senior,Follow-up,Post-op Follow-up,Low,General,6.1,21.2
P01136,2026-06-02,Tuesday,Clinic A,08:08,488,08:00-10:00,0,08:07,487,-1,Routine,Senior,Follow-up,General Review,Medium,General,9.4,16.7
P01137,2026-06-02,Tuesday,Clinic A,08:16,496,08:00-10:00,0,08:09,489,-7,Routine,Adult,New,Post-op Follow-up,Low,General,8.5,23.0
P01138,2026-06-02,Tuesday,Clinic A,08:24,504,08:00-10:00,0,08:23,503,-1,Urgent,Senior,Follow-up,Complex Care Review,Low,Complex,6.1,51.1
P01139,2026-06-02,Tuesday,Clinic B,08:32,512,08:00-10:00,0,08:16,496,-16,Routine,Senior,Follow-up,Physiotherapy Review,Low,Rehab,4.8,32.7
P01140,2026-06-02,Tuesday,Clinic A,08:40,520,08:00-10:00,0,08:32,512,-8,Routine,Adult,Follow-up,General Review,Low,General,4.9,13.1
P01141,2026-06-02,Tuesday,Clinic B,08:48,528,08:00-10:00,1,,,,Routine,Senior,Follow-up,Complex Care Review,Medium,Complex,,
P01142,2026-06-02,Tuesday,Clinic B,08:56,536,08:00-10:00,0,08:42,522,-14,Routine,Adult,New,General Review,High,General,4.7,17.1
P01143,2026-06-02,Tuesday,Clinic A,09:04,544,08:00-10:00,0,09:04,544,0,Routine,Senior,Follow-up,Physiotherapy Review,Medium,Rehab,6.7,29.8
P01144,2026-06-02,Tuesday,Clinic A,09:12,552,08:00-10:00,0,09:08,548,-4,Routine,Senior,Follow-up,General Review,Low,General,6.7,13.4
P01145,2026-06-02,Tuesday,Clinic A,09:20,560,08:00-10:00,0,09:15,555,-5,Routine,Adult,Follow-up,Post-op Follow-up,Low,General,7.2,20.3
P01146,2026-06-02,Tuesday,Clinic A,09:28,568,08:00-10:00,1,,,,Routine,Senior,Follow-up,General Review,Low,General,,
P01147,2026-06-02,Tuesday,Clinic A,09:36,576,08:00-10:00,0,09:47,587,11,Routine,Adult,Follow-up,General Review,Medium,General,4.6,15.4
P01148,2026-06-02,Tuesday,Clinic A,09:44,584,08:00-10:00,0,09:37,577,-7,Urgent,Adult,Follow-up,Post-op Follow-up,Low,General,6.7,23.3
P01149,2026-06-02,Tuesday,Clinic A,09:52,592,08:00-10:00,0,09:42,582,-10,Routine,Adult,Follow-up,General Review,Medium,General,3.7,19.8
P01150,2026-06-02,Tuesday,Clinic B,10:00,600,10:00-12:00,0,09:48,588,-12,Urgent,Senior,Follow-up,General Review,Medium,General,4.9,15.8
P01151,2026-06-02,Tuesday,Clinic A,10:08,608,10:00-12:00,0,10:01,601,-7,Routine,Adult,Follow-up,Post-op Follow-up,Low,General,5.1,22.2
P01152,2026-06-02,Tuesday,Clinic B,10:16,616,10:00-12:00,0,10:10,610,-6,Routine,Adult,New,Complex Care Review,Low,Complex,7.0,37.6
P01153,2026-06-02,Tuesday,Clinic B,10:24,624,10:00-12:00,0,10:11,611,-13,Routine,Senior,Follow-up,General Review,Low,General,5.1,13.1
P01154,2026-06-02,Tuesday,Clinic A,10:32,632,10:00-12:00,0,10:32,632,0,Urgent,Adult,Follow-up,Physiotherapy Review,Low,Rehab,8.2,30.5
P01155,2026-06-02,Tuesday,Clinic A,10:40,640,10:00-12:00,0,10:28,628,-12,Routine,Adult,Follow-up,General Review,Low,General,4.9,13.6
P01156,2026-06-02,Tuesday,Clinic B,10:48,648,10:00-12:00,1,,,,Routine,Adult,Follow-up,Complex Care Review,High,Complex,,
P01157,2026-06-02,Tuesday,Clinic B,10:56,656,10:00-12:00,0,10:51,651,-5,Urgent,Senior,New,Complex Care Review,Medium,Complex,7.8,38.7
P01158,2026-06-02,Tuesday,Clinic B,11:04,664,10:00-12:00,0,11:02,662,-2,Routine,Adult,Follow-up,General Review,Medium,General,5.8,14.3
P01159,2026-06-02,Tuesday,Clinic A,11:12,672,10:00-12:00,0,11:04,664,-8,Routine,Adult,Follow-up,Physiotherapy Review,Medium,Rehab,5.8,29.2
P01160,2026-06-02,Tuesday,Clinic B,11:20,680,10:00-12:00,0,11:20,680,0,Routine,Adult,Follow-up,General Review,High,General,5.3,15.7
P01161,2026-06-02,Tuesday,Clinic B,11:28,688,10:00-12:00,0,11:35,695,7,Routine,Adult,Follow-up,Complex Care Review,High,Complex,4.1,52.0
P01162,2026-06-02,Tuesday,Clinic A,11:36,696,10:00-12:00,0,11:31,691,-5,Urgent,Adult,Follow-up,Physiotherapy Review,Low,Rehab,8.2,35.7
P01163,2026-06-02,Tuesday,Clinic B,11:44,704,10:00-12:00,0,11:44,704,0,Routine,Adult,New,General Review,Low,General,7.7,15.2
P01164,2026-06-02,Tuesday,Clinic A,11:52,712,10:00-12:00,0,12:06,726,14,Routine,Adult,Follow-up,Complex Care Review,Medium,Complex,3.7,34.2
P01165,2026-06-02,Tuesday,Clinic A,13:00,780,13:00-15:00,0,12:45,765,-15,Routine,Senior,Follow-up,Post-op Follow-up,Low,General,8.2,21.8
P01166,2026-06-02,Tuesday,Clinic B,13:10,790,13:00-15:00,0,13:09,789,-1,Routine,Adult,New,General Review,Low,General,5.3,11.6
P01167,2026-06-02,Tuesday,Clinic B,13:20,800,13:00-15:00,0,13:29,809,9,Routine,Senior,Follow-up,General Review,Low,General,7.5,14.4
P01168,2026-06-02,Tuesday,Clinic A,13:30,810,13:00-15:00,0,13:22,802,-8,Routine,Senior,New,Post-op Follow-up,Medium,General,6.2,20.4
P01169,2026-06-02,Tuesday,Clinic A,13:40,820,13:00-15:00,0,13:38,818,-2,Routine,Senior,Follow-up,Physiotherapy Review,Low,Rehab,7.5,22.3
P01170,2026-06-02,Tuesday,Clinic B,13:50,830,13:00-15:00,1,,,,Routine,Adult,Follow-up,Physiotherapy Review,High,Rehab,,
P01171,2026-06-02,Tuesday,Clinic B,14:00,840,13:00-15:00,0,13:45,825,-15,Urgent,Adult,New,General Review,Medium,General,6.3,16.4
P01172,2026-06-02,Tuesday,Clinic B,14:10,850,13:00-15:00,1,,,,Routine,Adult,Follow-up,General Review,Medium,General,,
P01173,2026-06-02,Tuesday,Clinic A,14:20,860,13:00-15:00,0,14:17,857,-3,Routine,Adult,Follow-up,General Review,Low,General,6.6,13.8
P01174,2026-06-02,Tuesday,Clinic B,14:30,870,13:00-15:00,0,14:22,862,-8,Routine,Senior,New,General Review,Low,General,4.6,15.2
P01175,2026-06-02,Tuesday,Clinic A,14:40,880,13:00-15:00,0,14:26,866,-14,Urgent,Senior,Follow-up,General Review,Low,General,9.8,18.0
P01176,2026-06-02,Tuesday,Clinic A,14:50,890,13:00-15:00,0,14:48,888,-2,Routine,Adult,Follow-up,Post-op Follow-up,Low,General,6.2,19.7
P01177,2026-06-02,Tuesday,Clinic A,15:00,900,15:00-17:00,0,14:58,898,-2,Routine,Adult,New,General Review,Low,General,3.7,13.7
P01178,2026-06-02,Tuesday,Clinic A,15:10,910,15:00-17:00,1,,,,Routine,Adult,Follow-up,Post-op Follow-up,Low,General,,
P01179,2026-06-02,Tuesday,Clinic A,15:20,920,15:00-17:00,0,15:15,915,-5,Routine,Adult,Follow-up,General Review,Low,General,5.0,14.7
P01180,2026-06-02,Tuesday,Clinic A,15:30,930,15:00-17:00,0,15:28,928,-2,Routine,Adult,New,General Review,Medium,General,5.2,17.3
P01181,2026-06-02,Tuesday,Clinic A,15:40,940,15:00-17:00,0,15:23,923,-17,Routine,Senior,New,Post-op Follow-up,High,General,5.4,20.5
P01182,2026-06-02,Tuesday,Clinic A,15:50,950,15:00-17:00,0,16:01,961,11,Routine,Adult,Follow-up,Post-op Follow-up,Medium,General,7.9,22.2
P01183,2026-06-02,Tuesday,Clinic B,16:00,960,15:00-17:00,0,15:58,958,-2,Routine,Adult,New,Post-op Follow-up,Low,General,6.0,18.2
P01184,2026-06-02,Tuesday,Clinic B,16:10,970,15:00-17:00,0,16:06,966,-4,Routine,Adult,Follow-up,Physiotherapy Review,Low,Rehab,5.1,28.7
P01185,2026-06-02,Tuesday,Clinic B,16:20,980,15:00-17:00,0,16:28,988,8,Routine,Senior,Follow-up,Physiotherapy Review,High,Rehab,6.2,37.7
P01186,2026-06-02,Tuesday,Clinic B,16:30,990,15:00-17:00,0,16:39,999,9,Routine,Senior,Follow-up,General Review,Low,General,8.1,11.6
P01187,2026-06-02,Tuesday,Clinic B,16:40,1000,15:00-17:00,0,16:31,991,-9,Routine,Adult,Follow-up,General Review,Medium,General,6.5,14.7
P01188,2026-06-02,Tuesday,Clinic B,16:50,1010,15:00-17:00,0,17:12,1032,22,Urgent,Senior,New,General Review,Low,General,5.8,17.2
P01189,2026-06-03,Wednesday,Clinic B,08:00,480,08:00-10:00,0,07:45,465,-16,Routine,Adult,Follow-up,General Review,Low,General,4.7,13.5
P01190,2026-06-03,Wednesday,Clinic A,08:08,488,08:00-10:00,0,07:58,478,-10,Urgent,Senior,Follow-up,General Review,Low,General,7.9,16.5
P01191,2026-06-03,Wednesday,Clinic A,08:16,496,08:00-10:00,1,,,,Routine,Adult,Follow-up,General Review,Low,General,,
P01192,2026-06-03,Wednesday,Clinic A,08:24,504,08:00-10:00,0,08:17,497,-7,Routine,Senior,Follow-up,Post-op Follow-up,Medium,General,8.3,21.8
P01193,2026-06-03,Wednesday,Clinic B,08:32,512,08:00-10:00,1,,,,Routine,Adult,Follow-up,Post-op Follow-up,Low,General,,
P01194,2026-06-03,Wednesday,Clinic A,08:40,520,08:00-10:00,0,08:34,514,-6,Routine,Adult,Follow-up,General Review,Medium,General,5.5,14.6
P01195,2026-06-03,Wednesday,Clinic A,08:48,528,08:00-10:00,0,09:01,541,13,Routine,Adult,New,General Review,Medium,General,8.5,14.7
P01196,2026-06-03,Wednesday,Clinic B,08:56,536,08:00-10:00,0,08:42,522,-14,Routine,Adult,Follow-up,Physiotherapy Review,Low,Rehab,4.1,23.0
P01197,2026-06-03,Wednesday,Clinic B,09:04,544,08:00-10:00,0,08:56,536,-8,Routine,Adult,Follow-up,Physiotherapy Review,Low,Rehab,5.3,27.0
P01198,2026-06-03,Wednesday,Clinic A,09:12,552,08:00-10:00,0,09:14,554,2,Routine,Adult,Follow-up,Physiotherapy Review,High,Rehab,6.8,43.8
P01199,2026-06-03,Wednesday,Clinic B,09:20,560,08:00-10:00,0,09:20,560,0,Routine,Adult,New,Complex Care Review,Medium,Complex,6.0,30.2
P01200,2026-06-03,Wednesday,Clinic A,09:28,568,08:00-10:00,0,09:11,551,-17,Routine,Adult,New,Physiotherapy Review,High,Rehab,5.8,41.3
P01201,2026-06-03,Wednesday,Clinic B,09:36,576,08:00-10:00,0,09:35,575,-1,Routine,Senior,Follow-up,General Review,Medium,General,8.7,16.6
P01202,2026-06-03,Wednesday,Clinic A,09:44,584,08:00-10:00,0,09:42,582,-2,Routine,Adult,Follow-up,Post-op Follow-up,High,General,6.7,25.5
P01203,2026-06-03,Wednesday,Clinic B,09:52,592,08:00-10:00,0,10:03,603,11,Routine,Adult,Follow-up,General Review,High,General,7.9,18.9
P01204,2026-06-03,Wednesday,Clinic A,10:00,600,10:00-12:00,0,09:50,590,-10,Routine,Adult,Follow-up,Physiotherapy Review,Low,Rehab,6.0,19.8
P01205,2026-06-03,Wednesday,Clinic A,10:08,608,10:00-12:00,0,10:20,620,12,Routine,Adult,New,Post-op Follow-up,High,General,5.8,29.2
P01206,2026-06-03,Wednesday,Clinic A,10:16,616,10:00-12:00,0,10:12,612,-4,Routine,Adult,Follow-up,Complex Care Review,High,Complex,3.5,46.7
P01207,2026-06-03,Wednesday,Clinic A,10:24,624,10:00-12:00,1,,,,Routine,Senior,Follow-up,General Review,Medium,General,,
P01208,2026-06-03,Wednesday,Clinic B,10:32,632,10:00-12:00,0,10:48,648,16,Routine,Adult,New,Physiotherapy Review,Medium,Rehab,4.1,29.5
P01209,2026-06-03,Wednesday,Clinic B,10:40,640,10:00-12:00,0,10:40,640,0,Routine,Adult,Follow-up,General Review,Medium,General,6.6,16.5
P01210,2026-06-03,Wednesday,Clinic B,10:48,648,10:00-12:00,0,10:35,635,-13,Routine,Adult,Follow-up,Physiotherapy Review,Low,Rehab,7.1,24.3
P01211,2026-06-03,Wednesday,Clinic B,10:56,656,10:00-12:00,0,10:55,655,-1,Routine,Senior,Follow-up,General Review,Low,General,8.6,17.8
P01212,2026-06-03,Wednesday,Clinic B,11:04,664,10:00-12:00,0,10:57,657,-7,Routine,Adult,Follow-up,General Review,Low,General,3.6,16.7
P01213,2026-06-03,Wednesday,Clinic A,11:12,672,10:00-12:00,0,11:25,685,13,Routine,Senior,New,General Review,Low,General,5.9,12.5
P01214,2026-06-03,Wednesday,Clinic A,11:20,680,10:00-12:00,0,11:13,673,-7,Routine,Adult,New,General Review,Low,General,5.3,13.0
P01215,2026-06-03,Wednesday,Clinic A,11:28,688,10:00-12:00,0,11:21,681,-7,Routine,Senior,Follow-up,General Review,High,General,6.4,20.7
P01216,2026-06-03,Wednesday,Clinic A,11:36,696,10:00-12:00,0,11:36,696,0,Routine,Adult,Follow-up,Complex Care Review,High,Complex,7.8,43.9
P01217,2026-06-03,Wednesday,Clinic A,11:44,704,10:00-12:00,0,11:38,698,-6,Routine,Adult,Follow-up,General Review,High,General,7.6,16.9
P01218,2026-06-03,Wednesday,Clinic A,11:52,712,10:00-12:00,0,11:41,701,-11,Urgent,Adult,New,Complex Care Review,Medium,Complex,5.8,49.3
P01219,2026-06-03,Wednesday,Clinic A,13:00,780,13:00-15:00,0,13:02,782,2,Routine,Senior,Follow-up,General Review,Low,General,7.5,12.3
P01220,2026-06-03,Wednesday,Clinic A,13:10,790,13:00-15:00,0,13:27,807,17,Routine,Adult,Follow-up,General Review,Medium,General,5.4,16.7
P01221,2026-06-03,Wednesday,Clinic A,13:20,800,13:00-15:00,0,13:20,800,0,Routine,Adult,Follow-up,Complex Care Review,Medium,Complex,7.0,40.9
P01222,2026-06-03,Wednesday,Clinic A,13:30,810,13:00-15:00,0,13:29,809,-1,Routine,Senior,New,General Review,Medium,General,7.7,16.6
P01223,2026-06-03,Wednesday,Clinic B,13:40,820,13:00-15:00,0,13:39,819,-1,Routine,Senior,New,Physiotherapy Review,High,Rehab,5.5,30.9
P01224,2026-06-03,Wednesday,Clinic A,13:50,830,13:00-15:00,0,14:05,845,15,Routine,Senior,Follow-up,Post-op Follow-up,Low,General,7.4,23.1
P01225,2026-06-03,Wednesday,Clinic A,14:00,840,13:00-15:00,0,13:58,838,-2,Routine,Adult,Follow-up,General Review,Low,General,7.0,12.4
P01226,2026-06-03,Wednesday,Clinic B,14:10,850,13:00-15:00,0,13:58,838,-12,Routine,Adult,Follow-up,Complex Care Review,Medium,Complex,7.8,39.4
P01227,2026-06-03,Wednesday,Clinic A,14:20,860,13:00-15:00,0,14:33,873,13,Routine,Adult,Follow-up,Complex Care Review,Medium,Complex,5.9,29.6
P01228,2026-06-03,Wednesday,Clinic B,14:30,870,13:00-15:00,0,14:23,863,-7,Routine,Adult,New,Post-op Follow-up,Medium,General,3.7,18.9
P01229,2026-06-03,Wednesday,Clinic A,14:40,880,13:00-15:00,0,14:36,876,-4,Urgent,Senior,Follow-up,Post-op Follow-up,Medium,General,7.1,26.1
P01230,2026-06-03,Wednesday,Clinic A,14:50,890,13:00-15:00,0,14:44,884,-6,Routine,Senior,Follow-up,Post-op Follow-up,Medium,General,5.8,24.1
P01231,2026-06-03,Wednesday,Clinic B,15:00,900,15:00-17:00,0,15:15,915,15,Routine,Adult,Follow-up,Post-op Follow-up,Medium,General,3.9,23.2
P01232,2026-06-03,Wednesday,Clinic A,15:10,910,15:00-17:00,0,15:03,903,-7,Routine,Adult,Follow-up,General Review,High,General,7.0,16.7
P01233,2026-06-03,Wednesday,Clinic B,15:20,920,15:00-17:00,0,15:18,918,-2,Routine,Adult,Follow-up,Post-op Follow-up,Low,General,5.1,20.7
P01234,2026-06-03,Wednesday,Clinic A,15:30,930,15:00-17:00,0,15:30,930,0,Routine,Adult,Follow-up,Physiotherapy Review,Medium,Rehab,6.2,26.1
P01235,2026-06-03,Wednesday,Clinic A,15:40,940,15:00-17:00,0,15:39,939,-1,Routine,Adult,Follow-up,General Review,Medium,General,7.0,15.1
P01236,2026-06-03,Wednesday,Clinic B,15:50,950,15:00-17:00,0,15:47,947,-3,Urgent,Senior,New,Physiotherapy Review,Medium,Rehab,8.9,25.6
P01237,2026-06-03,Wednesday,Clinic A,16:00,960,15:00-17:00,0,15:49,949,-11,Routine,Adult,Follow-up,Physiotherapy Review,High,Rehab,8.1,30.8
P01238,2026-06-03,Wednesday,Clinic A,16:10,970,15:00-17:00,0,16:02,962,-8,Routine,Senior,Follow-up,Post-op Follow-up,Low,General,7.4,15.2
P01239,2026-06-03,Wednesday,Clinic B,16:20,980,15:00-17:00,0,16:21,981,1,Routine,Adult,Follow-up,Complex Care Review,Low,Complex,6.9,31.0
P01240,2026-06-03,Wednesday,Clinic A,16:30,990,15:00-17:00,0,16:17,977,-13,Routine,Senior,New,Post-op Follow-up,Medium,General,6.1,21.8
P01241,2026-06-03,Wednesday,Clinic A,16:40,1000,15:00-17:00,0,16:24,984,-16,Routine,Adult,Follow-up,Physiotherapy Review,Low,Rehab,5.0,21.9
P01242,2026-06-03,Wednesday,Clinic A,16:50,1010,15:00-17:00,0,16:50,1010,0,Routine,Adult,New,Physiotherapy Review,Medium,Rehab,7.1,23.6
P01243,2026-06-04,Thursday,Clinic B,08:00,480,08:00-10:00,0,07:51,471,-9,Routine,Adult,Follow-up,Post-op Follow-up,Low,General,7.1,18.2
P01244,2026-06-04,Thursday,Clinic B,08:08,488,08:00-10:00,0,08:04,484,-4,Routine,Senior,New,General Review,Medium,General,3.8,13.0
P01245,2026-06-04,Thursday,Clinic A,08:16,496,08:00-10:00,0,08:16,496,0,Routine,Senior,Follow-up,General Review,Medium,General,6.0,13.4
P01246,2026-06-04,Thursday,Clinic A,08:24,504,08:00-10:00,0,08:20,500,-4,Routine,Adult,Follow-up,General Review,Medium,General,6.0,14.9
P01247,2026-06-04,Thursday,Clinic B,08:32,512,08:00-10:00,0,08:33,513,1,Urgent,Senior,Follow-up,Post-op Follow-up,Low,General,7.6,19.8
P01248,2026-06-04,Thursday,Clinic B,08:40,520,08:00-10:00,0,08:40,520,0,Urgent,Adult,Follow-up,General Review,Low,General,7.5,14.2
P01249,2026-06-04,Thursday,Clinic B,08:48,528,08:00-10:00,0,08:48,528,0,Routine,Adult,Follow-up,Post-op Follow-up,Medium,General,5.6,20.6
P01250,2026-06-04,Thursday,Clinic A,08:56,536,08:00-10:00,0,08:48,528,-8,Routine,Senior,Follow-up,Post-op Follow-up,Low,General,5.5,19.3
P01251,2026-06-04,Thursday,Clinic A,09:04,544,08:00-10:00,0,08:59,539,-5,Routine,Adult,New,General Review,Low,General,4.0,15.6
P01252,2026-06-04,Thursday,Clinic B,09:12,552,08:00-10:00,0,09:04,544,-8,Routine,Adult,Follow-up,Post-op Follow-up,Low,General,8.0,20.4
P01253,2026-06-04,Thursday,Clinic A,09:20,560,08:00-10:00,0,09:09,549,-11,Routine,Adult,Follow-up,Post-op Follow-up,Low,General,7.0,15.3
P01254,2026-06-04,Thursday,Clinic A,09:28,568,08:00-10:00,0,09:48,588,20,Routine,Adult,New,Complex Care Review,Low,Complex,5.0,39.3
P01255,2026-06-04,Thursday,Clinic A,09:36,576,08:00-10:00,1,,,,Routine,Senior,Follow-up,General Review,Low,General,,
P01256,2026-06-04,Thursday,Clinic B,09:44,584,08:00-10:00,0,09:43,583,-1,Routine,Adult,New,Post-op Follow-up,High,General,5.4,26.3
P01257,2026-06-04,Thursday,Clinic A,09:52,592,08:00-10:00,0,09:42,582,-10,Routine,Adult,Follow-up,General Review,High,General,6.4,15.9
P01258,2026-06-04,Thursday,Clinic B,10:00,600,10:00-12:00,0,09:55,595,-5,Routine,Adult,Follow-up,General Review,Low,General,5.9,15.2
P01259,2026-06-04,Thursday,Clinic A,10:08,608,10:00-12:00,0,09:57,597,-11,Routine,Senior,Follow-up,Post-op Follow-up,Low,General,4.8,20.6
P01260,2026-06-04,Thursday,Clinic A,10:16,616,10:00-12:00,0,10:24,624,8,Routine,Adult,New,Physiotherapy Review,Low,Rehab,6.6,26.4
P01261,2026-06-04,Thursday,Clinic B,10:24,624,10:00-12:00,0,10:18,618,-6,Urgent,Senior,Follow-up,Post-op Follow-up,Low,General,9.8,20.1
P01262,2026-06-04,Thursday,Clinic A,10:32,632,10:00-12:00,0,10:32,632,0,Routine,Adult,Follow-up,Physiotherapy Review,Low,Rehab,5.2,21.4
P01263,2026-06-04,Thursday,Clinic A,10:40,640,10:00-12:00,0,10:31,631,-9,Routine,Senior,Follow-up,Post-op Follow-up,High,General,8.3,27.3
P01264,2026-06-04,Thursday,Clinic B,10:48,648,10:00-12:00,0,10:49,649,1,Routine,Adult,Follow-up,Physiotherapy Review,Low,Rehab,5.6,20.9
P01265,2026-06-04,Thursday,Clinic A,10:56,656,10:00-12:00,0,10:51,651,-5,Routine,Adult,Follow-up,Complex Care Review,Medium,Complex,5.2,40.2
P01266,2026-06-04,Thursday,Clinic A,11:04,664,10:00-12:00,0,11:21,681,17,Urgent,Senior,New,Complex Care Review,Low,Complex,8.8,35.4
P01267,2026-06-04,Thursday,Clinic A,11:12,672,10:00-12:00,0,11:24,684,12,Routine,Senior,Follow-up,General Review,Low,General,6.6,15.2
P01268,2026-06-04,Thursday,Clinic B,11:20,680,10:00-12:00,0,11:09,669,-11,Routine,Adult,Follow-up,General Review,Low,General,4.9,14.1
P01269,2026-06-04,Thursday,Clinic B,11:28,688,10:00-12:00,0,11:17,677,-11,Routine,Adult,Follow-up,General Review,Medium,General,7.2,15.2
P01270,2026-06-04,Thursday,Clinic A,11:36,696,10:00-12:00,0,11:28,688,-8,Routine,Senior,Follow-up,General Review,Low,General,6.8,15.5
P01271,2026-06-04,Thursday,Clinic B,11:44,704,10:00-12:00,0,12:03,723,19,Routine,Senior,Follow-up,Post-op Follow-up,Low,General,7.5,19.2
P01272,2026-06-04,Thursday,Clinic B,11:52,712,10:00-12:00,0,11:52,712,0,Routine,Senior,New,Post-op Follow-up,Low,General,5.4,21.1
P01273,2026-06-04,Thursday,Clinic A,13:00,780,13:00-15:00,0,13:10,790,10,Routine,Adult,Follow-up,General Review,Medium,General,4.4,15.6
P01274,2026-06-04,Thursday,Clinic B,13:10,790,13:00-15:00,0,13:19,799,9,Routine,Senior,Follow-up,Post-op Follow-up,Low,General,5.1,23.3
P01275,2026-06-04,Thursday,Clinic A,13:20,800,13:00-15:00,0,13:16,796,-4,Routine,Adult,New,General Review,High,General,5.1,21.8
P01276,2026-06-04,Thursday,Clinic B,13:30,810,13:00-15:00,0,13:24,804,-6,Routine,Adult,Follow-up,General Review,Medium,General,5.0,14.7
P01277,2026-06-04,Thursday,Clinic A,13:40,820,13:00-15:00,0,13:39,819,-1,Routine,Adult,New,General Review,Low,General,4.2,15.4
P01278,2026-06-04,Thursday,Clinic B,13:50,830,13:00-15:00,0,13:49,829,-1,Routine,Adult,Follow-up,Physiotherapy Review,Low,Rehab,5.5,25.8
P01279,2026-06-04,Thursday,Clinic A,14:00,840,13:00-15:00,1,,,,Routine,Adult,New,General Review,Medium,General,,
P01280,2026-06-04,Thursday,Clinic A,14:10,850,13:00-15:00,0,14:18,858,8,Routine,Adult,New,General Review,Medium,General,6.4,15.2
P01281,2026-06-04,Thursday,Clinic A,14:20,860,13:00-15:00,0,14:22,862,2,Routine,Adult,New,Complex Care Review,Low,Complex,3.5,33.8
P01282,2026-06-04,Thursday,Clinic A,14:30,870,13:00-15:00,0,14:27,867,-3,Routine,Adult,New,Post-op Follow-up,Medium,General,5.0,28.0
P01283,2026-06-04,Thursday,Clinic A,14:40,880,13:00-15:00,0,14:28,868,-12,Urgent,Senior,Follow-up,Physiotherapy Review,High,Rehab,6.0,33.8
P01284,2026-06-04,Thursday,Clinic B,14:50,890,13:00-15:00,1,,,,Routine,Adult,Follow-up,General Review,Low,General,,
P01285,2026-06-04,Thursday,Clinic B,15:00,900,15:00-17:00,1,,,,Routine,Adult,Follow-up,General Review,Low,General,,
P01286,2026-06-04,Thursday,Clinic B,15:10,910,15:00-17:00,1,,,,Routine,Senior,Follow-up,Physiotherapy Review,Low,Rehab,,
P01287,2026-06-04,Thursday,Clinic A,15:20,920,15:00-17:00,0,15:17,917,-3,Routine,Senior,Follow-up,Post-op Follow-up,Low,General,5.3,20.1
P01288,2026-06-04,Thursday,Clinic B,15:30,930,15:00-17:00,1,,,,Routine,Adult,Follow-up,Post-op Follow-up,Medium,General,,
P01289,2026-06-04,Thursday,Clinic B,15:40,940,15:00-17:00,0,15:30,930,-10,Routine,Adult,Follow-up,General Review,Low,General,6.6,11.8
P01290,2026-06-04,Thursday,Clinic B,15:50,950,15:00-17:00,0,15:38,938,-12,Urgent,Adult,Follow-up,Post-op Follow-up,Medium,General,7.8,22.0
P01291,2026-06-04,Thursday,Clinic A,16:00,960,15:00-17:00,0,15:55,955,-5,Routine,Adult,Follow-up,General Review,Medium,General,7.3,18.1
P01292,2026-06-04,Thursday,Clinic B,16:10,970,15:00-17:00,0,16:13,973,3,Urgent,Adult,Follow-up,Post-op Follow-up,Medium,General,7.6,24.5
P01293,2026-06-04,Thursday,Clinic A,16:20,980,15:00-17:00,0,16:15,975,-5,Routine,Senior,Follow-up,Complex Care Review,Low,Complex,7.5,35.4
P01294,2026-06-04,Thursday,Clinic A,16:30,990,15:00-17:00,0,16:16,976,-14,Routine,Adult,Follow-up,Post-op Follow-up,Medium,General,6.1,17.3
P01295,2026-06-04,Thursday,Clinic A,16:40,1000,15:00-17:00,1,,,,Routine,Adult,New,Post-op Follow-up,Low,General,,
P01296,2026-06-04,Thursday,Clinic B,16:50,1010,15:00-17:00,0,16:44,1004,-6,Routine,Senior,Follow-up,Physiotherapy Review,High,Rehab,6.3,25.1
P01297,2026-06-05,Friday,Clinic B,08:00,480,08:00-10:00,0,07:55,475,-5,Routine,Senior,Follow-up,General Review,Low,General,8.3,13.6
P01298,2026-06-05,Friday,Clinic B,08:08,488,08:00-10:00,0,08:20,500,12,Routine,Adult,Follow-up,General Review,Medium,General,7.8,14.5
P01299,2026-06-05,Friday,Clinic A,08:16,496,08:00-10:00,0,08:09,489,-7,Routine,Adult,Follow-up,General Review,Low,General,4.7,14.6
P01300,2026-06-05,Friday,Clinic B,08:24,504,08:00-10:00,0,08:05,485,-19,Urgent,Adult,Follow-up,Complex Care Review,Medium,Complex,5.2,43.4
P01301,2026-06-05,Friday,Clinic A,08:32,512,08:00-10:00,0,08:27,507,-5,Routine,Senior,New,Post-op Follow-up,Low,General,9.5,22.5
P01302,2026-06-05,Friday,Clinic A,08:40,520,08:00-10:00,0,08:36,516,-4,Routine,Senior,New,Complex Care Review,Low,Complex,5.9,33.5
P01303,2026-06-05,Friday,Clinic A,08:48,528,08:00-10:00,1,,,,Routine,Adult,Follow-up,General Review,High,General,,
P01304,2026-06-05,Friday,Clinic B,08:56,536,08:00-10:00,0,08:56,536,0,Urgent,Adult,Follow-up,General Review,Medium,General,6.8,19.5
P01305,2026-06-05,Friday,Clinic A,09:04,544,08:00-10:00,0,09:03,543,-1,Routine,Senior,New,Post-op Follow-up,High,General,7.7,25.1
P01306,2026-06-05,Friday,Clinic A,09:12,552,08:00-10:00,1,,,,Urgent,Adult,Follow-up,Post-op Follow-up,Low,General,,
P01307,2026-06-05,Friday,Clinic A,09:20,560,08:00-10:00,0,09:13,553,-7,Routine,Adult,New,Physiotherapy Review,Low,Rehab,5.1,24.2
P01308,2026-06-05,Friday,Clinic A,09:28,568,08:00-10:00,0,09:24,564,-4,Routine,Senior,Follow-up,Complex Care Review,Medium,Complex,6.9,41.6
P01309,2026-06-05,Friday,Clinic A,09:36,576,08:00-10:00,0,09:38,578,2,Routine,Adult,Follow-up,Physiotherapy Review,Low,Rehab,7.1,29.4
P01310,2026-06-05,Friday,Clinic B,09:44,584,08:00-10:00,0,09:44,584,0,Routine,Adult,Follow-up,Physiotherapy Review,Low,Rehab,4.7,27.4
P01311,2026-06-05,Friday,Clinic A,09:52,592,08:00-10:00,0,09:45,585,-7,Routine,Adult,New,General Review,High,General,5.0,17.7
P01312,2026-06-05,Friday,Clinic B,10:00,600,10:00-12:00,1,,,,Routine,Senior,Follow-up,General Review,Medium,General,,
P01313,2026-06-05,Friday,Clinic B,10:08,608,10:00-12:00,0,10:27,627,19,Routine,Senior,Follow-up,Complex Care Review,Low,Complex,6.4,32.5
P01314,2026-06-05,Friday,Clinic A,10:16,616,10:00-12:00,0,10:32,632,16,Routine,Adult,Follow-up,Complex Care Review,High,Complex,3.6,45.5
P01315,2026-06-05,Friday,Clinic A,10:24,624,10:00-12:00,0,10:13,613,-11,Routine,Adult,Follow-up,Post-op Follow-up,Low,General,5.2,18.8
P01316,2026-06-05,Friday,Clinic A,10:32,632,10:00-12:00,0,10:30,630,-2,Routine,Adult,Follow-up,General Review,Low,General,7.7,10.5
P01317,2026-06-05,Friday,Clinic B,10:40,640,10:00-12:00,0,10:39,639,-1,Routine,Senior,Follow-up,General Review,Low,General,6.9,13.2
P01318,2026-06-05,Friday,Clinic B,10:48,648,10:00-12:00,0,10:34,634,-14,Routine,Senior,New,General Review,Low,General,8.8,12.8
P01319,2026-06-05,Friday,Clinic B,10:56,656,10:00-12:00,0,10:59,659,3,Urgent,Adult,Follow-up,General Review,Medium,General,6.7,15.8
P01320,2026-06-05,Friday,Clinic B,11:04,664,10:00-12:00,0,10:56,656,-8,Urgent,Adult,New,Complex Care Review,High,Complex,8.5,47.4
P01321,2026-06-05,Friday,Clinic B,11:12,672,10:00-12:00,0,11:18,678,6,Routine,Adult,Follow-up,General Review,High,General,6.5,20.0
P01322,2026-06-05,Friday,Clinic B,11:20,680,10:00-12:00,0,11:19,679,-1,Urgent,Adult,New,General Review,High,General,7.1,18.8
P01323,2026-06-05,Friday,Clinic B,11:28,688,10:00-12:00,0,11:12,672,-16,Routine,Adult,Follow-up,Complex Care Review,Medium,Complex,7.2,40.3
P01324,2026-06-05,Friday,Clinic A,11:36,696,10:00-12:00,0,11:36,696,0,Routine,Senior,Follow-up,Complex Care Review,Medium,Complex,9.4,46.5
P01325,2026-06-05,Friday,Clinic A,11:44,704,10:00-12:00,0,11:33,693,-11,Routine,Adult,New,Post-op Follow-up,Medium,General,7.0,21.9
P01326,2026-06-05,Friday,Clinic B,11:52,712,10:00-12:00,0,11:44,704,-8,Routine,Adult,Follow-up,General Review,Medium,General,7.0,14.3
P01327,2026-06-05,Friday,Clinic B,13:00,780,13:00-15:00,0,13:03,783,3,Routine,Senior,Follow-up,Complex Care Review,Medium,Complex,5.8,33.0
P01328,2026-06-05,Friday,Clinic A,13:10,790,13:00-15:00,0,13:06,786,-4,Routine,Adult,Follow-up,General Review,High,General,3.9,18.4
P01329,2026-06-05,Friday,Clinic B,13:20,800,13:00-15:00,0,13:16,796,-4,Routine,Adult,Follow-up,General Review,Low,General,6.3,13.9
P01330,2026-06-05,Friday,Clinic A,13:30,810,13:00-15:00,0,13:28,808,-2,Routine,Senior,Follow-up,General Review,Medium,General,6.8,16.2
P01331,2026-06-05,Friday,Clinic B,13:40,820,13:00-15:00,0,13:35,815,-5,Routine,Senior,Follow-up,General Review,Medium,General,9.0,15.3
P01332,2026-06-05,Friday,Clinic A,13:50,830,13:00-15:00,0,13:47,827,-3,Routine,Senior,Follow-up,Physiotherapy Review,Medium,Rehab,8.7,36.6
P01333,2026-06-05,Friday,Clinic A,14:00,840,13:00-15:00,0,13:49,829,-11,Routine,Adult,Follow-up,General Review,Medium,General,4.7,16.0
P01334,2026-06-05,Friday,Clinic B,14:10,850,13:00-15:00,1,,,,Routine,Senior,New,Post-op Follow-up,Low,General,,
P01335,2026-06-05,Friday,Clinic A,14:20,860,13:00-15:00,0,14:37,877,17,Routine,Adult,New,Complex Care Review,Medium,Complex,4.2,31.7
P01336,2026-06-05,Friday,Clinic A,14:30,870,13:00-15:00,1,,,,Routine,Adult,New,General Review,Low,General,,
P01337,2026-06-05,Friday,Clinic B,14:40,880,13:00-15:00,0,14:40,880,0,Routine,Adult,Follow-up,Complex Care Review,Medium,Complex,4.5,34.3
P01338,2026-06-05,Friday,Clinic B,14:50,890,13:00-15:00,1,,,,Urgent,Adult,Follow-up,Physiotherapy Review,Low,Rehab,,
P01339,2026-06-05,Friday,Clinic A,15:00,900,15:00-17:00,0,14:58,898,-2,Routine,Adult,New,General Review,Medium,General,5.2,18.3
P01340,2026-06-05,Friday,Clinic A,15:10,910,15:00-17:00,0,15:11,911,1,Urgent,Senior,Follow-up,Physiotherapy Review,Low,Rehab,8.8,32.0
P01341,2026-06-05,Friday,Clinic A,15:20,920,15:00-17:00,0,15:20,920,0,Routine,Adult,Follow-up,General Review,High,General,7.5,16.6
P01342,2026-06-05,Friday,Clinic A,15:30,930,15:00-17:00,0,15:27,927,-3,Urgent,Adult,Follow-up,Physiotherapy Review,High,Rehab,6.9,43.8
P01343,2026-06-05,Friday,Clinic A,15:40,940,15:00-17:00,1,,,,Routine,Adult,Follow-up,Post-op Follow-up,Medium,General,,
P01344,2026-06-05,Friday,Clinic A,15:50,950,15:00-17:00,0,15:47,947,-3,Routine,Adult,New,Post-op Follow-up,Low,General,5.3,19.8
P01345,2026-06-05,Friday,Clinic A,16:00,960,15:00-17:00,0,15:54,954,-6,Routine,Adult,Follow-up,Complex Care Review,Medium,Complex,5.9,32.7
P01346,2026-06-05,Friday,Clinic A,16:10,970,15:00-17:00,1,,,,Routine,Adult,New,Post-op Follow-up,Medium,General,,
P01347,2026-06-05,Friday,Clinic A,16:20,980,15:00-17:00,0,16:23,983,3,Urgent,Adult,Follow-up,Post-op Follow-up,Medium,General,5.5,29.4
P01348,2026-06-05,Friday,Clinic A,16:30,990,15:00-17:00,0,16:31,991,1,Routine,Senior,New,Physiotherapy Review,Medium,Rehab,5.5,31.4
P01349,2026-06-05,Friday,Clinic B,16:40,1000,15:00-17:00,0,16:44,1004,4,Routine,Adult,New,Post-op Follow-up,Medium,General,5.2,17.8
P01350,2026-06-05,Friday,Clinic B,16:50,1010,15:00-17:00,0,16:44,1004,-6,Routine,Senior,Follow-up,Post-op Follow-up,Low,General,7.5,22.7
